Anne,3,Lady Anne,1,Lady Anne Darcy,1
Bennet,224,Mr. Bennet,89
Captain Carter,4
Caroline,16
Catherine,10,Honourable Lady Catherine,1,Kitty,71,Lady Catherine,102,Lady Catherine de Bourgh,13,Miss de Bourgh,20
Chamberlayne,1
Charles,7
Charlotte Lucas,8
Charlotte,77
Mr. Collins,150
Colonel Fitzwilliam,30,Fitzwilliam,5,Mr. Darcy,273,Mr. Fitzwilliam Darcy,1
Colonel Forster,27,Forster,12
Colonel Miller,1
Dawson,1
Denny,7,Mr. Denny,5
Eliza,13,Elizabeth,623,Lizzy,93,Miss Eliza,6,Miss Eliza Bennet,3,Miss Elizabeth,7,Miss Elizabeth Bennet,5,Miss Lizzy,2
Gardiner,3,Mr. Gardiner,33
George,8
Georgiana,14,Georgiana Darcy,1
Harriet,1
Hatfield,1
Hill,5
Hurst,0,Mr. Hurst,12
Jane,290,Miss Jane Bennet,1
John,2
Kent,14
Lady Lucas,18,Maria,18,Maria Lucas,2,Mary,37,Mary King,2,Miss King,5,Miss Lucas,25
Lady Metcalf,1
Louisa,6
Lucas Lodge,6
Lydia,34
Miss Grantley,1
Miss Pope,1
Miss Watson,1
Miss Webbs,1
Mr. Bingley,115
Mr. Jones,5
Mr. Morris,1
Mr. Phillips,5,Phillips,7
Mr. Robinson,3
Mr. Stone,1
Mr. Wickham,73
Mrs. Annesley,3
Mrs. Collins,29
Mrs. Gardiner,58
Mrs. Hill,3
Mrs. Hurst,21
Mrs. Jenkinson,9
Mrs. Long,14
Mrs. Nicholls,1
Mrs. Phillips,20
Mrs. Reynolds,9
Mrs. Wickham,10
Mrs. Younge,4
Pen,1
Pratt,2
Richard,1
Sally,1
Sarah,1
Sir Lewis de Bourgh,3
Sir William,34,Sir William Lucas,10,William Goulding,1
apothecary,2
assistant,1
chambermaid,2
coach,10
housekeeper,16
observer,2
owner,4
patroness,7
proprietor,3
servant,18
waiter,3
