character,value,major/minor,rule,identification,role,notes
1,Mr. Bennet,,1,TRUE,Father,
1,papa,,1,FALSE,,
1,father,,1,FALSE,,
2,Mrs. Long,,1,TRUE,neighbour,
3,Mr. Bingley,,1,TRUE,suitor of jane,
3,Charles,,1,FALSE,,
3,Bingley,,1,FALSE,,
4,Sir William Lucas,,1,TRUE,,
4,Sir William,,1,FALSE,,
5,Lady Lucas,,1,TRUE,,
6,Elizabeth Bennet,,1,TRUE,protagonist,
6,Lizzy,,1,FALSE,,
6,Miss Eliza,,1,FALSE,,
6,Miss Elizabeth,,1,FALSE,,
6,Elizabeth,,1,FALSE,,
6,Miss Elizabeth Bennet,,1,FALSE,,
6,Miss Eliza Bennet,,1,FALSE,,
6,Miss Lizzy,,1,FALSE,,
6,friend,,1,FALSE,,
6,Mrs. Darcy,,1,FALSE,,
7,Miss Jane Bennet,,1,TRUE,sister of Lizzy,
7,Miss Bennet,,1,FALSE,,
7,Jane,,1,FALSE,,
7,invalid,,1,FALSE,,
7,Mrs. Bingley,,1,FALSE,,
7,girl,,1,FALSE,,
8,Miss Lydia Bennet,,1,TRUE,sister of Lizzy,
8,Miss Lydia ,,1,FALSE,,
8,Mrs. Wickham,,1,FALSE,,
8,Lydia,,1,FALSE,,
9,Mrs. Bennet,,1,TRUE,mother,
9,Mamma,,1,FALSE,,
10,Kitty,,1,TRUE,sister of Lizzy,
10,Catherine,,1,FALSE,,
11,Mary,,1,TRUE,,
12,Mr. Hurst,,1,TRUE,,Mr. Bingley's brother-in-law
13,Mr. Darcy,,1,TRUE,suitor of Lizzy,
13,Fitzwilliam Darcy,,1,FALSE,,
13,Darcy,,1,FALSE,,
14,Mrs. Hurst,,1,TRUE,,
14,Louisa,,1,FALSE,,
15,Miss Bingley,,1,TRUE,,
15,Caroline,,1,FALSE,,
15,Caroline Bingley,,1,FALSE,,
16,Miss King,,1,TRUE,,
16,Mary King,,1,FALSE,,
17,Maria Lucas,,1,TRUE,,
17,Maria,,1,FALSE,,
18,Charlotte Lucas,,1,TRUE,friend of Lizzy,
18,Charlotte,,1,FALSE,,
18,Mrs. Collins,,1,FALSE,,
19,Colonel Forster,,1,TRUE,,
19,Colonel F.,,1,FALSE,,
20,Mr. Phillips,,1,TRUE,,Mrs. Bennet's sister's husband
20,uncle Phillips,,1,FALSE,,
21,Mrs. Phillips,,1,TRUE,aunt,
21,my sister Phillips,,1,FALSE,,
21,aunt Phillips ,,1,FALSE,,
22,Captain Carter,,1,TRUE,,
23,Mr. Jones,,1,TRUE,,Doctor?
24,Miss Darcy,,1,TRUE,,
24,Georgiana,,1,FALSE,,
24,Mr. Darcy's sister,,1,FALSE,,
24,Georgiana Darcy,,1,FALSE,,
25,Mr. Gardiner,,1,TRUE,uncle,
25,my brother Gardiner,,1,FALSE,,
26,Mr. Collins,,1,TRUE,,
27,Lady Catherine de Bourgh,,1,TRUE,,
27,Lady Catherine,,1,FALSE,,
27,lady,,1,FALSE,,
27,ladyship,,1,FALSE,,
28,Miss de Bourgh,,1,TRUE,,
28,Anne,,1,FALSE,,
28,heiress,,1,FALSE,,
29,Mr. Denny,,1,TRUE,,
29,Denny,,1,FALSE,,
30,George Wickham,,1,TRUE,,
30,George,,1,FALSE,,
30,Mr. Wickham,,1,FALSE,,
30,Wickham,,1,FALSE,,
30,W.,,1,FALSE,,
30,godson,,1,FALSE,,
31,Mrs. Jenkinson,,1,TRUE,, The de Bourgh's servant. 
32,Mrs. Gardiner,,1,TRUE,aunt,
32,my sister Gardiner,,1,FALSE,,
32,M. GARDINER,,1,FALSE,,
33,Colonel Fitzwilliam,,1,TRUE,,
33,colonel,,1,FALSE,,
33,Fitzwilliam,,1,FALSE,,
34,Mrs. Younge,,1,TRUE,,Miss Darcy's old governess. 
35,Mrs. Forster,,1,TRUE,,
35,Mrs. F,,1,FALSE,,
35,Harriet,,1,FALSE,,
36,Mrs. Reynolds,,1,TRUE,,Darcy's housekeeper
36,Reynolds,,1,FALSE,,
37,Hill,,1,TRUE,,Bennet's servant. 
37,Mrs. Hill,,1,FALSE,,
38,Mr. Morris,min,1,TRUE,,
39,Mr. Robinson,min,1,TRUE,, Mrs. Bennet relates a conversation between Mr. Robinson and Bingley. 
40,Miss Watson,min,1,TRUE,,
41,Miss Grantley,min,1,TRUE,,
42,Nicholls,min,1,TRUE,,
43,Richard,min,1,TRUE,,
44,Archbishop,min,1,TRUE,,
45,Dawson,min,1,TRUE,,
46,shop-boy,min,1,TRUE,,
47,Miss Webbs,min,1,TRUE,,
48,Lady Metcalf,min,1,TRUE,,
49,Miss Pope,min,1,TRUE,,
50,John,min,1,TRUE,,
51,Harringtons,min,1,TRUE,,
52,Pen,min,1,TRUE,,
53,Chamberlayne,min,1,TRUE,,
54,Colonel Miller,min,1,TRUE,,
55,William Goulding,min,1,TRUE,,
56,Sally,min,1,TRUE,,
57,Mr. Stone,min,1,TRUE,,
58,Mrs. Nicholls,min,1,TRUE,,
59,Sarah,min,1,TRUE,,
60,apothecary,min,1,TRUE,,
61,Sir Lewis de Bourgh,min,1,TRUE,,Inactive. Her ladyship's dead husband. Mentioned multiple times.
62,the late Mr. Darcy,min,1,TRUE,,Inactive. Mr. Darcy's late father. 
63,Lady Anne Darcy,min,1,TRUE,,Inactive. Mr. Darcy's late mother.
63,Lady Anne,min,1,FALSE,,
64,Pratt,min,1,TRUE,,
65,Haggerston,min,1,TRUE,,
66,Gouldings,min,1,TRUE,,
67,Mrs. Annesley,min,1,TRUE,,
68,assistant,min,1,TRUE,,
69,chambermaid,min,1,TRUE,,
70,housekeeper,min,1,TRUE,,
71,owner,min,1,TRUE,,
72,servant,min,1,TRUE,,
73,waiter,min,1,TRUE,,