Barton,1
Boone,4,Hugh Boone,4,John,1
Bradstreet,10,Inspector Bradstreet,3,inspector,13
Dane,1
Dearest,1
Dr. Watson,1,Watson,20
Elias Whitney,1,Lee,6
Holmes,13,Mr. Holmes,6,Mr. Sherlock Holmes,1,Sherlock Holmes,9
Isa,4,Isa Whitney,2,Mr. Isa Whitney,1
James,1
Kate,5,Kate Whitney,1
Mr. Neville St.,1,Mr. Neville St. Clair,8,Mr. St. Clair,3,Neville,10,Neville St. Clair,7,St. Clair,0
Mrs. St. Clair,9
St. George,1
attendant,1
beggar,6
constable,1
editor,1
prey,1
prisoner,5
scoundrel,2
