Albert,1
Archie,1
Clay,1,John Clay,4,Mr. John Clay,2
Dr. Watson,1,Watson,9
Duncan Ross,1,Mr. Duncan Ross,6
George Sand,1
Gustave Flaubert,1
Holmes,32,Mr. Holmes,11,Mr. Sherlock Holmes,2,Sherlock Holmes,8
Jabez Wilson,1,Mr. Jabez Wilson,7,Mr. Wilson,13,Wilson,0
Jones,8,Mr. Jones,2,Peter Jones,1
Merryweather,1,Mr. Merryweather,11
Miss Mary Sutherland,1
Mr. William Morris,1,William Morris,1
Sarasate,1
Spaulding,3,Vincent Spaulding,5
St. James,2
St. Paul,1
client,4
director,3
prisoner,1
stranger,1
