Alice,3,Lady Alicia Whittington,1
Aloysius Doran,1,Mr. Aloysius Doran,4,Mr. Doran,2
Dr. Watson,1,Watson,6
Duke of Balmoral,3
Flora,3,Flora Millar,3,Miss Flora Millar,2
Francis H. Moulton,1,Holmes,21,Master Holmes,1,Mr. Holmes,5,Sherlock Holmes,6
Francis Hay Moulton,0,Mr. Francis Hay Moulton,1
Frank,19
Jack,1
Lady Clara St. Simon,1,Lady St. Simon,5
Lestrade,11,Mr. Lestrade,3
Lord Backwater,3
Lord Eustace,1
Lord Robert St. Simon,3,Lord Robert Walsingham de Vere St. Simon,1,Lord St. Simon,28,Robert,2,St. Simon,1
Miss Doran,2,Miss Hatty Doran,3
Mrs. Francis Hay Moulton,1
St. George,2
Tudor,1
