Annie,3
Charles Gorot,1,Charles Street,6,Gorot,2
Dr. Ferrier,2
Forbes,7,Mr. Forbes,2
Fritz von Waldbaum,1
Holdhurst,0,Lord Holdhurst,14
Holmes,50,Mr. Holmes,12,Mr. Sherlock Holmes,1,Sherlock Holmes,4
Hudson,0
Ivy Lane,1
Joseph,15,Joseph Harrison,3,Master Joseph,1,Mr. Harrison,1,Mr. Joseph Harrison,4
Miss Harrison,12
Monsieur Dubugue,1
Mr. Percy Phelps,2,Mr. Phelps,12,Percy,4,Percy Phelps,5,Phelps,21
Mrs. Hudson,2
Ripley,1
client,8
diplomatist,3
doctor,4
groom,1
intruder,2
minister,2
nobleman,2
nurse,7
policeman,3
premier,1
sportsman,1
statesman,6
thief,12
