Arthur,8,Poor Arthur,1
Baron Beverley,1
Doctor,1
Dr. Huxtable,16,Dr. Thorneycroft Huxtable,1,Huxtable,2,Mr. Huxtable,1,Thorneycroft Huxtable,1
Dr. Watson,2,Watson,27
Duke,31
Earl,2
Edith,1
George,1
Grace,33,James,16,James Wilder,2,Mr. James Wilder,7,Mr. Wilder,7,Wilder,3
Hayes,11,Mr. Hayes,1,Mr. Reuben Hayes,4,Reuben Hayes,2
Heidegger,6,Herr Heidegger,1
Holmes,54,Mr. Holmes,25,Mr. Sherlock Holmes,3,Sherlock Holmes,4
Horace,1
Lord Leverstoke,1
Lord Lieutenant,1
Lord Saltire,9,Saltire,1
Mrs. Hayes,2
Palmer,5
Sir Cathcart Soames,1
Sir Charles Appledore,1
butler,1
cyclist,5
doctor,4
landlord,6
nobleman,4
rider,4
trailer,1
