Adair,8,Honourable Ronald Adair,4,Ronald,1,Ronald Adair,3
Augustus Moran,0,Sir Augustus Moran,1
Baldwin,1
Cavendish,2
Colonel Sebastian Moran,2,Sebastian Moran,0
Godfrey Milner,1
Hilda,1
Lady Maynooth,1
Mathews,1
Miss Edith Woodley,1
Monsieur Oscar Meunier,1
Morgan,1
Moriarty,10,Professor James Moriarty,1,Professor Moriarty,4
Mr. Murray,1
Mr. Sherlock Holmes,2,Sherlock Holmes,3
Mrs. Hudson,6
Mycroft,3,Mycroft Holmes,1
Parker,1
Sir John Hardy,1
Stewart,1
Von Herder,2
artist,1
criminal,5
maid,1
servant,1
