Archie Stamford,1
Bob,1,Bob Carruthers,2
Charlington,5,Charlington Hall,5,Charlington Heath,4
Cyril,3,Cyril Morton,2,Morton,1
George,2
Jack Woodley,2,Mr. Woodley,8,Woodley,15
James Smith,1
John Vincent Harden,1
Miss Smith,4,Miss Violet,1,Miss Violet Smith,4
Mr. Busybody Holmes,1
Mr. Sherlock Holmes,2,Sherlock Holmes,1
Mr. Williamson,2,Williamson,9
Peter,1
Ralph Smith,4,Uncle Ralph,1
South Africa,4
engineer,1
guide,2
landlord,2
publican,1
rascal,1
reader,2
someone,3
stranger,3
