Barrett,1
Bellinger,0,Lord Bellinger,3
Constable MacPherson,1,Fournaye,0,Henri Fournaye,0,John Mitton,2,Lestrade,10,Lord Merrow,1,M. Henri Fournaye,1,MacPherson,1,Mitton,4,Mme. Fournaye,2,Mme. Henri Fournaye,2,constable,7
Dr. Watson,1,Watson,15
Eduardo Lucas,5,Lucas,10,Mr. Eduardo Lucas,3,Mr. Lucas,2
George,1
Hilda,2,Honourable Trelawney Hope,2,Hope,5,Lady Hilda,7,Lady Hilda Trelawney Hope,2
Holmes,32,Mr. Holmes,45,Mr. Sherlock Holmes,1,Sherlock Holmes,2
Hudson,1
La Rothiere,1
Lord Flowers,1
Mr. Hope,1,Mr. Trelawney Hope,3
Oberstein,1
Premier,10
Secretary,8
Sir Charles Hardy,1
Sovereign,1
butler,3
member,1
policeman,1
sender,1
statesman,3
thief,1
