Armstrong,3,Dr. Armstrong,8,Dr. Leslie Armstrong,5,Leslie Armstrong,1
Arthur H. Staunton,1,Holmes,37,Mr. Holmes,9,Mr. Sherlock Holmes,3,Sherlock Holmes,3
Cyril Overton,4,Mr. Cyril Overton,1,Mr. Overton,4,Overton,5
Dr. Watson,1,Watson,17
Godfrey,16,Godfrey Staunton,15,Mr. Godfrey Staunton,4
HAVE,1
Jeremy Dixon,1,Mr. Jeremy Dixon,1
John,2,John o ' Groat,0
Johnson,1
Lord Mount-James,12,Mount-James,0
Morton,1
Mr. Detective,2
Stanley Hopkins,1
athlete,1
butler,1
detective,3
miser,2
porter,11
