Baynes,17,Inspector Baynes,10,Mr. Baynes,8,inspector,9
Colonel Carruthers,1
Constable Downing,1
Constable Walters,1,Walters,5
Dolores,1
Don Murillo,2
Dr. Watson,1,Watson,19
Eccles,3,John Warner,1,Mr. Eccles,1,Mr. John Scott Eccles,2,Mr. Scott Eccles,7,Scott,0,Scott Eccles,9
Garcia,26,Mr. Aloysius Garcia,1,Mr. Garcia,4
Gregson,6,Mr. Gregson,3
Henderson,11,Mr. Henderson,2
Holmes,37,Mr. Holmes,25,Sherlock Holmes,4
Hudson,2
Jose,1
Joshua Stone,1
Juan Murillo,1
Lee,3
Lord Harringby,1
Lucas,1,Mr. Lucas,1
Miss Burnet,8
Mr. Hynes Hynes,1
Mr. Inspector,1
Mr. James Baker Williams,1
Signor Rulli,1
Signora Victor Durando,1
Sir George Ffolliott,1
Spaniard,4
assailant,1
avenger,1
dearest,1
detective,4
emissary,1
host,5
master,6
officer,2
