Admiral Sinclair,2
Adolph Mayer,1
Arthur,1,Arthur Cadogan West,1,Cadogan West,19
Brooks,1
Brother Mycroft,4,Mycroft,21,Mycroft Holmes,6
Colonel Valentine,1,Colonel Valentine Walter,2,Valentine Walter,0
Hugo Oberstein,1,Mr. Hugo Oberstein,1,Mr. Oberstein,1,Oberstein,12
James,0,Sir James,8,Sir James Walter,4
Lestrade,12,Mr. Lestrade,1
Louis La Rothiere,1
Mason,1
Mr. Sidney Johnson,3,Sidney Johnson,1
Sherlock,10,Sherlock Holmes,3
Woodhouse,1
Young West,1
butler,1
chief,5
collector,1
constructor,1
detective,1
fiancee,4
minister,1
official,6
passenger,2
prisoner,3
