Abraham Lincoln,1
Alicia,1
Bates,1,Mr. Bates,4,Mr. Marlow Bates,1
Billy,1
Dr. Watson,3,Holmes,35,John H. Watson,1,Mr. Holmes,21,Mr. Sherlock Holmes,1,Sherlock Holmes,1,Watson,23
Ferguson,0,Mr. Ferguson,1
Gibson,3,Mr. Gibson,17,Mr. Neil Gibson,6,Neil Gibson,1,Senator Gibson,1
Isadora Persano,1
King,7
Maria Pinto,1
Miss Dunbar,21,Miss Grace Dunbar,1
Mr. Cummings,2,Mr. Joyce Cummings,1
Mr. James Phillimore,1
Thor Mere,1
Thor Place,3
Tudor,1
barrister,2
client,3
governess,5
guide,3
lawyer,1
millionaire,5
reader,1
schemer,1
someone,1
victim,6
villager,1
