Adelbert,3,Adelbert Gruner,2,Baron Adelbert Gruner,3,Baron Gruner,8
Charlie Peace,1
Christie,2
Colonel Damery,1,Colonel Sir James Damery,1,Damery,1,Sir James,8,Sir James Damery,1,St. James,1
Colonel Sebastian Moran,1
Dr. Hill Barton,3,Hill Barton,0
Dr. Watson,2,Watson,26
Emperor Shomu,1
General de Merville,3
Holmes,29,Mr. Holmes,24,Mr. Sherlock Holmes,3,Sherlock Holmes,3
Johnson,5,Porky,2,Porky Shinwell,2,Shinwell,1,Shinwell Johnson,5
Kitty Winter,1,Miss Kitty Winter,2,Miss W.,1,Miss Winter,6
Lord Harry,1
Miss Violet,0,Miss Violet de Merville,4
Professor Moriarty,1
Sir George Lewis,1
Sir Leslie Oakshott,2
Wainwright,1
