Barnes,2,Josiah Barnes,1,Mr. Barnes,2
Carrie Evans,1
Dr. Watson,1,Watson,18
Harley Street,1
Harvey,1
Holmes,36,Mr. Holmes,14,Sherlock Holmes,1
John Mason,3,London acquaintance,1,Mason,1,Mr. John Mason,2,Mr. Mason,8
Lady Beatrice,5,Lady Beatrice Falder,2
Mr. Norlett,1
Mrs. Norlett,2
Norberton,2,Robert,1,Sir Robert,39,Sir Robert Norberton,2
Norman Hugos,1
Prince,3,Shoscombe,12,Shoscombe Prince,4
Sam Brewer,2
Sandy Bain,1
Saxon,1
Sir Denis Falder,1
Sir James,1
Sir William,1
baronet,3
coachman,3
coroner,2
doctor,1
guide,1
host,2
landlord,1
