-- Ed,0
-- M. Debray,0,Debray,174
-- Morrel,0
-- Noirtier,0
Abbe Adelmonte,7,Adelmonte,4
Abbe Faria,17,Faria,95
Albano,4
Albert de Morcerf,23,De Morcerf,1,Morcerf,217,Vicomte Albert de Morcerf,4,Vicomte de Morcerf,1,de Morcerf,9
Albert,741,Monsieur,47,Monsieur Albert,3
Alberto,2
Alexander,4,Alexander VI,8
Ali Baba,3
Ali Tepelini,18
Ali,135,Ali Pasha,16,Ali Pasha of Yanina,1,Pasha of Yanina,1,Yanina,50
Amelia,2,Young Amelia,16
Andrea Cavalcanti,20,M. Andrea,9,M. Andrea Cavalcanti,12,M. Cavalcanti,30
Andrea,263,Andrea Rondolo,2
Anthony,3
Antoine,5
Antoinette,3
Ariel,2
Arstein & Eskeles,2
Assunta,14
Auteuil,50
Baptiste,2
Baptistin,51,Monsieur,47,Monsieur Baptistin,3
Barcelona,2
Baron Danglars,16
Baron Franz d'Epinay,4,Baron d'Epinay,5
Baron de Chateau-Renaud,1
Barrois,89
Bartolomeo,6,Bartolomeo Cavalcanti,7,Cavalcanti,94
Beaucaire,21
Beauchamp,233,M. Beauchamp,11
Bell,5
Benedetto,68,M. Benedetto,3
Bentivoglio,2
Beppo,11
Bertrand,2
Bertuccio,132,M. Bertuccio,22
Blacas,12,De Blacas,1,M. de Blacas,12
Blin,2
Bois,6,Bois de Boulogne,5
Bologna,2
Bonaparte,13
Bonapartist Club,3
Borgia,3,Caesar,16,Caesar Borgia,10
Bourges,6
Boville,6,De Boville,1,M. de Boville,28
Bracciano,4,Duke of Bracciano,4
Breguet,2
Brutus,4
Busoni,58
Byron,4
Cabanis,3
Caderousse,411,Gaspard,6,Gaspard Caderousse,5
Caesar Spada,2
Cafe de Paris,5
Campagna,3
Campo Vaccino,1
Caprara,2
Carconte,6,La Carconte,44
Cardinal Spada,8,Spada,23
Carlini,41
Carmela,15
Carnival,34
Catalans,25
Chamber of Deputies,3
Chamber of Peers,2
Champs Elysees,20
Charles X.,3
Charles,7,Charles III.,3
Chateau-Renaud,130,M. Chateau-Renaud,1,M. de Chateau-Renaud,9
Chaussee d'Antin,4,Rue de la Chaussee d'Antin,4
Civita Vecchia,2
Cleopatra,3
Cocles,36
Comte de Morcerf,8
Comte de Salvieux,4,Salvieux,1
Cornelie,2,Mademoiselle Cornelie,3
Corso,19
Coselli,3
Count of Monte Cristo,113
Count of Morcerf,32
Cromwell,3
Cucumetto,34
D'Avrigny,19,M. D'Avrigny,1,M. d'Avrigny,36
Dandre,3,M. Dandre,6
Danglars,575,M. Danglars,83
Dante,6
Dantes,684,M. Dantes,2
Daume,3
Dauphine,5
Debray,174,Lucien,39,Lucien Debray,8,M. Debray,25,M. Lucien,4,M. Lucien Debray,2
Delacroix,2
Deschamps,2,M. Deschamps,4
Desdemona,2
Diable,5,Robert le Diable,2
Diana,3
Diavolaccio,5
Dieu,5
Diogenes,2
Don Carlos,12
Don Cesare Torlini,2
Duc de Blacas,3
Edmond,276,Edmond Dantes,42
Edward,62
El-Kobbir,5
Elba,43
Emmanuel,85,M. Emmanuel,3
Etienne,4
Eugenie,115,Eugenie Danglars,2,Mademoiselle Danglars,61,Mademoiselle Eugenie,16,Mademoiselle Eugenie Danglars,4
Faubourg Saint-Germain,2
Faubourg Saint-Honore,8
Fernand,189,Fernand Mondego,8,M. Fernand Mondego,2
Florentin,7
Fontaine,3,Rue de la Fontaine,7
Franz d'Epinay,10,M. Franz d'Epinay,14,M. d'Epinay,32,d'Epinay,19
Franz,525,M. Franz,11,M. Franz de Quesnel,3,M. de Quesnel,0,Quesnel,10,de Quesnel,5
French Academy,2
Gabrielle,2
Gaetano,40
Gard,2,Pont du Gard,6
Gaumard,5
Genoa,7
Gerard,10
Germain,13,Germain Pillon,1,Pillon,2
Giovanni,8
Girondin,7
Gracchi,3
Guido Spada,2
Haidee,131
Hartwell,2
Havre,2
Helder,0,Rue du Helder,13
Heloise,8
Hermine,13
Horace,6
Hotel de Londres,6
Hotel de Ville,3
Hotel des Postes,3
Hotel des Princes,6
House,8,House of Peers,3
Jacopo,44,Jacopo Manfredi,1
Jardin des Plantes,2
Jaros,2
Joannes,4,M. Joannes,2
Jockey Club,5
John,3,John Lateran,1
Julie,79,Mademoiselle,42,Mademoiselle Julie,4
Koorshid,5
La Force,2
La Reserve,11
Lady Macbeth,2,Macbeth,1
Lafitte,3
Leclere,18
Lemaire,5
Leopold Robert,3,Robert,3
Lions,6
Lord Ruthven,9
Lord Wilmore,26,Wilmore,8
Louis XII,2
Louis XIV,4
Louis XVIII,0
Louis,22,Louis XVIII.,40
Louise,22,Mademoiselle Louise,2,Mademoiselle Louise d'Armilly,5,Mademoiselle d'Armilly,15
Lucullus,4
Luigi,45,Luigi Vampa,28,Vampa,60
Lyons,8
M. Albert,4,M. Albert de Morcerf,5,M. de Morcerf,55
M. Baptistin,3
M. Caderousse,3
M. Delaunay,2
M. Maximilian Morrel,6,M. Morrel,108,Maximilian,259,Maximilian Morrel,8,Morrel,628
M. Monte Cristo,0,M. de Monte Cristo,28,Monte Cristo,879
M. Noirtier,103,M. Noirtier de Villefort,2,M. Villefort,7,M. de Villefort,180,Noirtier,229,Villefort,678
M. Zaccone,5,Zaccone,6
M. de Nargonne,2
M. de Saint-Meran,26
M. de Salvieux,5
Machiavelli,3
Madame Danglars,173
Madame Dantes,2
Madame Morrel,11
Madame Villefort,2,Madame de Villefort,185
Madame de Morcerf,24
Madame de Saint-Meran,49,Saint-Meran,37
Madeleine,8,Madeleine Radelle,2
Mademoiselle,42,Mademoiselle Valentine,17,Mademoiselle Valentine de Villefort,0,Mademoiselle de Villefort,28,Valentine,620,Valentine de Villefort,3
Mademoiselle,42,Mademoiselle de Saint-Meran,6
Malibran,2
Manfred,6
Marengo,3
Margotin,2
Marius,3
Marquis,12,Marquis de Saint-Meran,3
Marquise de Ganges,2,de Ganges,1
Marquise,4,Marquise de Saint-Meran,3
Martigues,2
Mercedes,260
Minister of the Interior,2,minister of the interior,2
Moliere,4
Monsieur Bertuccio,9
Monsieur Cavalcanti,3
Monsieur Franz,2
Monsieur Morrel,5
Monsieur Noirtier,3
Monsieur de Morcerf,2
Moriani,3
Morrel & Son,6
Mr. Procureur,2
Murat,4
Murillo,2
Muscatel,3
Myrtho,2
Napoleon,47
Nero,5
Nestor,2
Nice,5
Nicolas,3
Nimes,21
Oliva Corsinari,3
Olympus,3
Otho,2
Palermo,5
Pardieu,13
Parma,2
Pascal,2
Pastrini,21,Signor Pastrini,45
Penelon,31
Peppino,91
Pere Pamphile,1
Perugia,7
Perugino,2
Peste,5
Peter,6,St. Peter,4
Pharaon,67
Philip,5
Piazza,8,Piazza del Popolo,16
Pierre,5
Plato,2
Pliny,2
Plutarch,3
Polytechnic School,2
Porte Saint-Martin,1
Prince Cavalcanti,5
Quaker,2
Ratonneau,3
Renee,37
Rita,17
Robert Macaire,1
Robespierre,3
Rocca Priori,3
Rogliano,7
Rospigliosi,8
Rothschild,6
Rue Meslay,9
Rue Saint-Jacques,7
Rue Saint-Laurent,2
Rue de Musee,2
Saint Louis,2
San-Felice,13
Selim,29
Shakespeare,4
Signor Luigi,3
Signor Sinbad,4,Sinbad,34
Signor Torlonia,1,Torlonia,4
Signor Vampa,3
Sonnino,2
Supreme Being,2
Teresa,69
Thomson,7,Thomson & French,33,Thomson & French of Rome,0
Ulysses,2
Vasiliki,14
Vasilio,3
Venezia,5
Virgil,4
Viscount,8,Viscount of Morcerf,3
