Abraham Gray,2,Gray,33
Alan,4
Alexander Smollett,1
Allardyce,2
Anderson,5,Job Anderson,4
Ben,12,Ben Gunn,38,Gunn,7
Benbow,20
Benjamin Gunn,2
Bill,22
Billy,6,Billy Bones,7
Black Dog,18
Cap'n Smollett,9,Smollett,32
Darby,2,Darby M'Graw,3
Davy Jones,3
Dick,28
Dirk,3
Dogger,4
Dr. Livesey,45,Livesey,18
Flint,58
George Merry,6,Merry,15
George,18,King George,2
Georges,2
Harry,2
Hawke,2
Hawkins,39,Jim,85,Jim Hawkins,11
Hunter,27
Jack,6
John Trelawney,1
John,36,John Silver,10,Long John,32,Long John Silver,5,Silver,196
Joyce,19
Kidd,3
Kitt,3
Morgan,25,Tom Morgan,5
Mr. Arrow,8
Mr. Blandly,2
Mr. Dance,11
Mr. Hands,9
Mr. Hawkins,2
Mr. Silver,3
Mr. Smollett,4
Mr. Trelawney,17,Trelawney,19
Mrs. Crossley,2
O'Brien,8
Redruth,18,Tom,15,Tom Redruth,4
Roger,4
Squire,6
Tai,0
