Allen,15,Mrs. Allen,79
Allens,9
Anne,8
Beechen Cliff,2
Belle,3
Camilla,3
Catherine,484,Catherine Morland,3,Morland,36
Charles Grandison,2
Clifton,11
Dorothy,4
Dr. Skinner,2
Edgar,8
Eleanor,80,Eleanor Tilney,1
Emily,4
Frederick,16
Fullerton,28
Harriet,2
Henry,111,Henry Tilney,12,Mr. Henry Tilney,1,Mr. Tilney,35,Tilney,83
Isabella,154,Isabella Thorpe,2,Thorpe,51
James,57,James Morland,3
John,23,John Thorpe,16
Jove,2
Laura Place,2
Laurentina,3
Lord Longtown,2
Maria,8
Miss Andrews,6
Miss Drummond,2
Miss Morland,58
Miss Thorpe,30
Miss Tilney,81,Tilney,83
Mitchells,2
Mr. Allen,46
Mr. Morland,21
Mr. Thorpe,24,Thorpe,51
Mrs. Hughes,13
Mrs. Morland,27
Mrs. Radcliffe,5
Mrs. Thorpe,24,Thorpe,51
Mrs. Tilney,8
Oxford,13
Pope,2
Richard,2
Sally,2
Sarah,5
Tilneys,20
William,3
Woodston,21
