ARAMIS,3,Aramis,501,Monsieur,165,Monsieur Aramis,10,monsieur,268
ATHOS,3,Athos,943,Messieurs Athos,2
Anne,46
Armentieres,14
BONACIEUX,2,Bonacieux,129,Monsieur Bonacieux,23
Baron de Chantal,1
Bassompierre,12,M. de Bassompierre,2
Bazin,68
Bearnais,5
Bernajoux,16,Monsieur Bernajoux,2
Berry,2
Bethune,21
Bicarat,14
Bois-Tracy,6,Madame de Bois-Tracy,2
Bondy,2
Brisemont,6
Buckingham,139,Duke,20,Duke of Buckingham,28
Cahusac,16,Monsieur de Cahusac,1
Catholic,16
Chalais,4
Charles,7
Charlotte Backson,7
Chevalier,7,Chevalier de Rochefort,2,Rochefort,43
Church,8
Clement,1,Jacques Clement,2
Comte de la Fere,5
Comtesse de la Fere,1
Constance,14,Constance Bonacieux,2
Coquenard,14,Madame Coquenard,11
Coquenard,14,Monsieur Coquenard,2
Crevecoeur,4
Cross,4,Red Cross,2
D'Artagnan,388,M. d'Artagnan,14
D'Artagnan,388,Monsieur d'Artagnan,50
De Wardes,3,M. de Wardes,6,de Wardes,37
Dessessart,15,Monsieur Dessessart,5
Don Quixote,5
Donna Estafania,3,Estafania,2
Duc de la Tremouille,3
Duke,20,Red Duke,5
Felton,290,John,7,John Felton,2
Fourreau,6
Francis,2
GEORGE VILLIERS,1,George Villiers,2
Gascon,56
Gascons,7
Germain,20
Godeau,3
Grimaud,117,Monsieur Grimaud,3
Harpe,1,Rue de la Harpe,6
Henry III,2
Henry,2,Henry IV,5
Hotel de Ville,6
Jesuit,22
Jolly Miller,3
Joseph,2
Judith,5
Jussac,29
Justice,6
Kitty,125
La Chesnaye,6
La Houdiniere,4
La Pierre,3
La Pree,3
La Rochelle,41,Protestants of La Rochelle,2,Rochelle,6
Laporte,25,Monsieur Laporte,10
Lilliers,3
Lord Buckingham,3
Lord Duke,4
Lord de Winter,135
Lorraine,4
Louis XIII,28
Louis XIV,2
Lubin,11
Lucretia,2
Lucullus,2
M de Treville,17
M de la Tremouille,2
M. Bonacieux,18
M. Coquenard,7
M. Dessessart,8
M. Laporte,2
M. de Busigny,4
M. de Laffemas,2
M. de Schomberg,2,Schomberg,5
M. de Treville,163,Treville,106,de Treville,7
M. de la Tremouille,10
MARIE MICHON,3,Marie Michon,2,Michon,3
Madame Bonacieux,29
Madame de Chevreuse,19,de Chevreuse,10
Madame de Lannoy,6
Mande,3
Marie de Medicis,2
Martin,6
Messieurs Porthos,3
Milady de Winter,11
Milady,684,Milady Clarik,7
Mme. Bonacieux,161
Mme. Coquenard,24
Monsieur Abbe,3,Monsieur the Abbe,3
Monsieur Athos,11
Monsieur Cardinal,13,Monsieur the Cardinal,9
Monsieur Chevalier,10,Monsieur the Chevalier,1,monsieur the Chevalier,1
Monsieur Commissary,5,Monsieur the Commissary,3
Monsieur Duke,7
Monsieur Planchet,2,Planchet,218
Monsieur Porthos,41,Porthos,533
Monsieur Voiture,1,Monsieur de Voiture,2
Monsieur de Benserade,2
Monsieur de Buckingham,3
Monsieur de Busigny,4
Monsieur de Cavois,4
Monsieur de Wardes,4
Monsieur de la Tremouille,3
Monsieur the Governor,3
Monsieur the Principal,3
Monsieur,165,Monsieur de Treville,47,Treville,106,de Treville,7
Montague,5
Mousqueton,62
Mr. Felton,4
Mr. Jackson,2
Mr. O'Reilly,4,O'Reilly,1
Nantes,2
Norman,3
PARDIEU,27,Pardieu,4
Parliament,2
Patrick,26
Peter,3
Picard,5
Post,2
Protestant,7
Puritans,11
Richelieu,36,de Richelieu,5
Rochellais,27
Rue Cassette,2
Rue aux Ours,4
Rue de Vaugirard,7
Rue des Fossoyeurs,11
St. Cloud,8
St. Jean,3
Villeroy,5
