Agafea Mihalovna,62
Alabin,2
Alexander Nevsky,4
Alexander,14,Alexander Vronsky,2,Vronsky,855
Alexey Kirillovitch,5
Alexey Vronsky,5
Alexey,159,Alexey Alexandrovitch,462,Alexey Alexandrovitch Karenin,1,Karenin,50
Aline,5
Alioshka,3
Andrey,4
Anna Karenina,1
Anna Pavlovna,15
Anna,753,Anna Arkadyevna,53
Annie,6
Annushka,26
Arseny,6
Bartnyansky,8
Berkoot,2
Betsy,107,Betsy Tverskaya,4,Tverskaya,20
Bezzubov,2,Count Bezzubov,4
Board of Irrigation,3
Brownie,2
Bryansky,9
Cela,0
Charles,2
Christ,23
Church,5
Commission,8
Cordelia,3
Corps,2,Corps of Pages,4
Council,2,Imperial Council,2
Countess Nordston,21
Darya Dmitrievna,2
Darya,26,Darya Alexandrovna,181
Diana,4
Dolinka,2
Dolly,307
Dunyasha,3
Ekaterina,4
Enoch,6
Flerov,7
Fokanitch,3
Fomin,4
Fomitch,2
Foulde,2
Franklin,2
Fyodor Bogdanitch,1
Fyodor,16,Fyodor Ryezunov,2,Ryezunov,4
Gagin,6
God,181
Golenishtchev,67
Grinevitch,8
Grisha,37
Gvozdyov,4
Hannah,2
Hliustov,2
Homiakov,3
Ignat,4
Isaac,2
Ivan Petrovitch,3
Ivan the coachman,2
Ivan,16,Ivan Parmenov,3
Ivanov,4
John,6
Jules Landau,2,Landau,21
Kaluzhsky,2,Prince Kaluzhsky,2
Kamerovsky,5
Kapitonitch,11
Karenina,6,Madame Karenina,31
Karibanov,2
Kartasov,2
Katavasov,79
Katerina Alexandrovna,7
Katya,9
Kauffmann,2
Kedrov,3
Kirillov,2
Kitty,668,Kitty Shtcherbatskaya,4,Shtcherbatskaya,11
Komissarov,2
Konstantin Demitrievitch,1
Konstantin,42,Konstantin Dmitrievitch,23,Konstantin Dmitrievitch Levin,2,Konstantin Levin,44,Levin,1553
Korney,14
Korsunsky,16
Kostya,35
Kouzma,22
Koznishev,18,Sergey,32,Sergey Ivanovitch,258,Sergey Ivanovitch Koznishev,2,Sergey Koznishev,3
Krak,12
Kritsky,10
Kuzovlev,7
Lafitte,2
Laska,47
Lear,3
Levins,13
Levy,2
Lidia,17,Lidia Ivanovna,95
Lily,6
Liza,12,Liza Merkalova,10
Lizaveta Petrovna,23
Lvov,21
Madame Berthe,4
Madame Kartasova,4
Madame Korsunskaya,0
Madame Lvova,7
Madame Nikolaeva,2
Madame Stahl,41,Stahl,7
Madame Vrede,3
Mademoiselle Linon,7
Mademoiselle,2,Mademoiselle Varenka,10,Varenka,144
Mahotin,19
Malthus,4
Marie,5,Marie Sanina,2
Mariette,3
Marya Borissovna,6
Marya Philimonovna,8
Marya Vlasyevna,1
Marya Yevgenyevna,5
Marya,16,Marya Nikolaevna,29
Masha,19,Masha Tchibisova,2
Matrona,4,Matrona Philimonovna,3
Matvey,29
Metrov,25
Michelli,2
Mihail Petrovitch,4
Mihail,12,Mihail Vassilievitch,5
Mihailov,44
Mihalitch,3
Mishka,6
Miss Hoole,5
Mitya,11
Mulhausen,2
Myakaya,23
Nadinka,5
Natalia,11
Nevyedovsky,17
Nikitin,3
Nikolay Dmitrievitch,8
Nikolay Ivanitch,3
Nikolay Levin,17
Nikolay Shtcherbatsky,2
Nikolay,60,Nikolay Ivanovitch,5,Nikolay Ivanovitch Sviazhsky,1,Sviazhsky,136
Nilsson,4
Oblonskaya,3
Oblonsky,111,Pyotr,16,Pyotr Oblonsky,4
Oblonskys,12
Parfen Denisitch,2
Patti,5
Pava,9
Pestsov,36
Peter,4
Petersburg,127
Petritsky,35
Petrov,8
Philip,11
Pierre,2
Pilate,13
Plato,2
Platon,3
Pomorsky,4
Pravdin,2
Prince Tchetchensky,5,Tchetchensky,1
Prince Yashvin,2,Yashvin,67
Prince,17,Prince Shtcherbatsky,4,Shtcherbatsky,24
Pripasov,2
Pryatchnikov,3
Pyotr Dmitrievitch,6
Raphael,3
Rebecca,3
Ryabinin,21
Sappho,10,Sappho Shtoltz,3
Schopenhauer,2
Semyon,3
Sergey Alexeitch,2
Sergey Alexyevitch,4
Serpuhovskoy,37
Servia,3
Seryozha,122
Shakespeare,2
Shuraev,2
Sitnikov,2
Sludin,7
Snetkov,15
Society of Agriculture,1
Soden,4
Sokolov,3
Sorokina,11
Spencer,4
Stepan Arkadyevitch,466
Stiva,67
Stremov,22
Sventitsky,2
Tanya,27
Tcharskaya,2
Tchirikov,8
Tiutkin,1
Turovtsin,21
Tushkevitch,24
Tversky,2
Tyndall,2
Varvara,28,Varvara Andreevna,3
Varya,14
Vaska,8
Vassenka,47,Vassenka Veslovsky,18,Veslovsky,92
Vassily Lukitch,15
Vassily,20,Vassily Fedorovitch,1
Venovsky,3
Venus,3
Vladimir,2
Volgarinov,6
Vorkuev,11
Voytov,3
Vozdvizhenskoe,8
Vronskaya,6
Wagner,2
Wilson,2
Yegor,11
