Achilles,5
Afanasy Ivanovitch,5,Afanasy Ivanovitch Vahrushin,1
Alexandr Grigorievitch,1
Alyona Ivanovna,11
Amalia Fyodorovna,3
Amalia Ivanovna,50
Amalia Lippevechsel,2
Amalia Ludwigovna,8,Ludwigovna,2
Andrey Semyonovitch,15,Andrey Semyonovitch Lebeziatnikov,3,Lebeziatnikov,59
Aniska,2
Arkady Ivanovitch,5,Arkady Ivanovitch Svidrigailov,3
Avdotya Romanovna,102
Babushkin,2
Bakaleyev,8
Berg,2
Christ,3
Darya Frantsovna,3
Dmitri,27,Dmitri Prokofitch,22
Dounia,325
Dushkin,8
Gogol,3
Harlamov,3
Heruvimov,3
Ilya Petrovitch,29
Ivan Afanasyvitch,2
Ivanovna,41,Katerina Ivanovna,186
Jesus,13
Jove,6
Kapernaumov,10
Karl,6
Katia,6
Koch,21
Kolya,16
Kozel,5
Lazarus,7
Lebeziatnikov,59,Mr. Lebeziatnikov,14
Lizaveta,55,Lizaveta Ivanovna,5
Luise,1,Luise Ivanovna,8
Luzhin,90,Pyotr Petrovitch,144,Pyotr Petrovitch Luzhin,4
Madame Lippevechsel,5
Madame Resslich,8,Resslich,3
Madonna,3
Marfa Petrovna,69,Petrovna,10
Marmeladov,38,Mr. Marmeladov,2
Marmeladov,38,Sofya,11,Sofya Semyonovna,61,Sofya Semyonovna Marmeladov,1
Martha,5
Mary,4
Mikolka,17
Missy,2
Mr. Luzhin,18
Mr. Raskolnikov,2
Mr. Razumihin,15,Razumihin,332
Mr. Svidrigailov,9,Svidrigailov,195
Mr. Tchebarov,2,Tchebarov,4
Mr. Zametov,5,Zametov,85
Napoleon,11
Nastasya,89
Newton,3
Nikodim Fomitch,21
Nikolay,64
Pashenka,12
Pestryakov,10
Petersburg,52
Philip,8
Polenka,45
Porfiry,131,Porfiry Petrovitch,75
Potchinkov,5
Praskovya Pavlovna,9
Pulcheria Alexandrovna,101
Pushkin,3
Raphael,3
Raskolnikov,779,Rodion,18,Rodion Raskolnikov,1,Rodion Romanovitch,76,Rodion Romanovitch Raskolnikov,2
Rodya,127
Schiller,6
Semyon Semyonovitch,2
Semyon Zaharovitch,7
Senate,3
Sofya Ivanovna,3
Sonia,402
Vassilyevsky Ostrov,4
Vrazumihin,2
Waesche,0
Yusupov,3
Zarnitsyn,2
Zossimov,87
