Achilles,6
Adam,3
Adraksin,4
Agrafena Ivanovna,6
Alexander,137,Alexander the Great,2
Alexanders,2
Aline,2
Alpatych,126,Yakov Alpatych,11
Amalek,2
Amelie,3
Anatole Kuragin,16
Anatole,203,Prince,144,Prince Anatole,3
Andrew,70,Andrew Bolkonski,8,Bolkonski,122
Andrusha,6
Anisya,4,Anisya Fedorovna,12
Anna Ignatyevna,3
Anna Makarovna,3
Anna Mikhaylovna,127,Anna Mikhaylovna Drubetskaya,2,Drubetskaya,6
Anna Semenovna,3
Anna,2,Anna Pavlovna,148,Anna Pavlovna Scherer,4,Anna Scherer,1
Annette,12
Antichrist,5
Anton,3
Arakcheev,36,Count Arakcheev,7
Armfeldt,12
Auersperg,4,Prince Auersperg,8
Auerstadt,4
Augustin,2
Austerlitz,51
Baden,2
Bagovut,2
Bagration,109,Prince Bagration,47
Balaga,20
Balashav,2
Balashev,110
Bald Hills,62
Barbara Ivanovna,2
Barclay,35,Barclay de Tolly,17
Baron Asch,2
Baron Funke,3
Bazaar,5
Bazdeev,6,Joseph Bazdeev,4
Belliard,5
Belova,12
Bennigsen,70,Count,153,Count Bennigsen,8
Berg,98
Berthier,14
Besuhof,1,L'russe Besuhof,4
Bezukhov,35,Pierre,1944,Pierre Bezukhov,2
Bezukhova,2,Helene,163,Helene Bezukhova,2
Bilibin,68
Bitski,4
Bogdanich,14
Bogucharovo,48
Bolkhovitinov,13
Bolkonskaya,8,MARY,2,Mary,575,Mary Bolkonskaya,2
Bolkonski,122,Prince Bolkonski,29
Bonaparte,91,NAPOLEON,3,NAPOLEON Bonaparte,0,Napoleon,572,Napoleon Bonaparte,2
Bondarchuk,2
Bondarenko,2
Boris,284,Boris Drubetskoy,9,Drubetskoy,10
Bory,5
Bourienne,6,Mademoiselle Bourienne,124
Brothers,21
Broussier,5
Brunn,12
Buonaparte,28,Monsieur,11,Monsieur Buonaparte,2
Buxhowden,13
Caesar,3
Campan,8
Catherine Petrovna,3
Catherine the Great,3
Catherine,13,Catherine Semenovna,2
Catholic,4,Catholic Church,2
Catiche,10
Caulaincourt,6
Charles,3,Charles IX,2
Charon,2
Chekmar,3
Chernyshev,8
Chichagov,10
Christ,22,Jesus,3,Lord Jesus Christ,6
Claparede,5
Commission,2
Committee on Army Regulations,3
Continental System,3
Copernicus,4
Cossack,83
Council,7,Council of State,5,State,5
Count Bezukhov,30
Count Orlov-Denisov,7,Orlov-Denisov,3
Count Rostopchin,48,Rostopchin,74
Count Rostov,29,Rostov,703
Count Tolstoy,5,Tolstoy,4
Countess Bezukhova,21
Countess Mary,50
Countess Rostova,15,Rostova,7
Countess Vera,2,Vera,69
Countess Zubova,2,Zubova,1
Cross,13
Cyril,3,Cyril Vladimirovich,5,Cyril Vladimirovich Bezukhov,5
Czartoryski,4
Daddy,6
Daniel Terentich,4
Daniel,32,Daniel Cooper,5
Danzig,2
David,3
Davout,42
Davydov,3
De Beausset,4,M. de Beausset,7,de Beausset,14
Denisov,411,Vasili,5,Vasili Denisov,2,Vasili Dmitrich,9,Vasili Dmitrich Denisov,2
Dessaix,4
Dessalles,35,Monsieur Dessalles,2
Diana,2
Dimmler,18
Dmitri,13
Dmitrievna,2,Marya,4,Marya Dmitrievna,100,Marya Dmitrievna Akhrosimova,3
Dobroe,3
Dohkturov,2
Dokhturov,27
Dolgorukov,35,Prince Dolgorukov,10
Dolokhov,329
Don,119,Don Juan,2
Dorogomilov,9
Dorokhov,4
Dr. Lorrain,2,Lorrain,9
Drissa,22
Dron,54
Dronushka,10
Drubetskaya,6,Julie,60,Julie Drubetskaya,2
Duc d'Enghien,5
Duke,15,Grand Duke,16
Dunyasha,34
Efim,3
Eighth Company,2
Ekonomov,3
Elizabeth,2
Enns,10
Ermolov,32
Erza,9
Evstafey,2
Eykhen,2
Fabvier,6
Fedor,2
Fedya,6
Ferapontov,19
Ferdinand,8
Fifth Company,3
Fili,9
Foka,3
Fouche,2
Francis,14
Franz,4
Friedland,5
Frola,3
Gabriel,5
Gascons,2
Genlis,1,Madame de Genlis,5
George,1,Mademoiselle George,12
Gerard,6
Gerasim,26
Gervais,4
Gibrard,2
Gideon,2
Golitsyn,6
Gorki,9
Gospels,4
Grekov,5
Heloise,2
Hippolyte,22,Hippolyte Kuragin,2
Hippolyte,22,Prince Hippolyte,27
Holy Alliance,4
Horse Guard,2
Ignat,4
Ilagin,25
Ilya,9,Ilya Rostov,24,Rostov,703
Ilyin,39
Ilyushka,2
Imperial,13
Iogel,13
Ismail,3
Ivan,7,Ivan the Terrible,2
Ivanushka,5
Jena,5
Jerome,2
Joseph,2,Joseph Alexeevich,22
Julie Karagina,9,Karagina,3
Junot,5
KOUTOUZOV,1,Koutouzov,1
Kamenski,7
Karataev,54,Platon,16,Platon Karataev,10
Karay,16
Karl,5,Karl Ivanich,2
Karp,12
Katie,6
Kaysarov,10
Kazan,6
Khvostikov,4
Kirsten,5
Klyucharev,6
Kochubey,13
Kolocha,16
Konovnitsyn,18
Kozlovski,17
Krasnoe,22
Kremlin,29
Kuragin,46,Vasili,5,Vasili Kuragin,3
Kuragina,2
Kurakin,3
Kutaysov,4
Kutuzov,527,Tarutino,30,Tarutino Kutuzov,2
Kuzmich,1,Sergey,2,Sergey Kuzmich,13
L'Empereur Napoleon,2
Langeron,13
Lannes,5
Lanskoy,2
Lauriston,6
Lavrushka,38
Lazarev,12
Le Roi de Prusse,3,Roi de Prusse,1,le Roi de Prusse,2
Lelorgne d'Ideville,3
Lelya,3
Leppich,5
Les Chevaliers,2
Likhachev,7
Lise,30
Little Mytishchi,4
Lopukhin,3
Louis XIV,6
Louis XV,2,XV,16
Louis XVIII,2
Louis XVI,5
Louisa Ivanovna,4
MURAT,1,Murat,52
Mack,22
Madame Jacquot,2
Madame Schoss,16
Madame de Souza,2
Madame de Stael,6
Magnitski,12
Makar Alexeevich,19
Makarin,8
Makeev,4
Malasha,7
Malvintseva,7
Maman,2
Mamma,105
Mamonov,7
Maria Theresa,3
Marie,8
Markov,7
Marquis Paulucci,2,Paulucci,12
Mary Alexeevna,2
Mary Bogdanovna,10
Mary Hendrikhovna,21
Mary Ivanovna,2
Mary Nikolievna,4
Marya Antonovna,3
Marya Fedorovna,4
Masha,8
Mason,25
Matrena,8
Mavra Kuzminichna,24
Mavrushka,2
Melyukovka,4
Melyukovs,7
Metivier,14
Metternich,3
Michael Ilarionovich,6
Michael Mitrich,2
Michael,15,Michael Ivanovich,29
Michaud,22
Midian,2
Milka,13
Miloradovich,20
Mimi,3
Misha,2
Mishka,4
Mitenka,16
Mitka,5
Mitya,3
Monsieur Kiril,4
Monsieur Pierre,17
Monsieur de Jobert,3
Morand,5
Moreau,5
Morel,17
Morio,4
Mortemart,9
Mortier,6
Mouton,3
Napoleon III,4
Naryshkin,4
Nastasya Ivanovna,7
Natalie,12,Natalie Rostova,2
Nataly,5
Natalya Ilynichna,2
Natasha,1208,Natasha Rostova,5,Rostova,7
Nesvitski,71
Newton,4
Ney,10
Nicholas Bolkonski,19
Nicholas Rostov,20
Nicholas,580,Prince,144,Prince Nicholas,14
Nikita,2,Nikita Ivanych,2
Nikolenka,12
Nizhni,8
Nostitz,2
Novosiltsev,5
Obolenski,6
Oldenburg,12
Olga,2
Olmutz,22
Orel,12
Orlov,6
Ostermann,8
Otradnoe,33
Paul,11
Pelageya,7,Pelageya Danilovna,9
Penza,6
Peronskaya,14
Peter Ilynich,2
Peter Ivanovich,2
Peter Kirilovich,5
Peter Kirilych,8
Peter Mikhaylovich Volkonski,2
Peter,19,Peter Nikolaevich,4
Petersburg,245
Petrov,2
Petrusha,2
Petya,268
Pfuel,47
Philip,3
Platov,12
Plutarch,3
Poniatowski,6
Potemkin,3
Prince Andrew,1065
Prince Theodore,5
Prince Volkonski,7,Volkonski,3
Prince,144,Prince Vasili,220
Prokofy,2
Pryanichnikov,2
Przebyszewski,4
Raevski,21
Ramballe,19
Rameau,3
Rapp,10
Registrar 's Department,0
Repnin,6
Rhetor,24
Rook,8
Rostovs,160
Rousseau,5
Rugay,8
Rumyantsev,8
Sasha,2
Savary,4
Savelich,7
Savishna,3
Scherbinin,3
Schmidt,8
Schneider,2
Schon,3,Schon Grabern,14
Semenov,8
Semenova,2
Senate,8
Shcherbinin,6
Shinshin,29
Shishkov,3
Sidorov,4
Sila Andreevich,2
Simon,13
Sloboda Palace,4
Smolyaninov,2
Sokolnitz,4
Sokolov,3
Solomon,3
Sonya,448
Sophia Danilovna,2
Sophie,5
Speranski,79
St. George,19
Stein,8
Stevens,2
Stolypin,4
Strogonov,2
Sukharev,6
Suvorov,20
Suvorovs,3
Sventsyani,5
Taras,3
Tatarinova,5
Tatawinova,2
Telyanin,31
Terenty,5
Theodore Vasilyevich,1,Theodore Vasilyevich Rostopchin,2
Theodore,3,Theodore Ivanych,4
Theodosia,5
Thiers,12
Tikhon,79,Tikhon Shcherbaty,3
Timokhin,30
Tormasov,3
Treasury,2
Tsarevich,12
Tuchkov,6
Tushin,75
Tutolmin,3
Uncle,101
Uvarov,9
VIII,17
Valuev,5
Vasili Sergeevich,2
Vasilich,10
Vaska,9,Vaska Denisov,7
Vereshchagin,24
Vesenny,4
Villeneuve,2
Vladimir,5
Vogel,2
Voltaire,4
Vyazmitinov,5
Western Army,2
Weyrother,39
Willarski,29
Wintzingerode,9
Wittgenstein,4
Wolzogen,23
Wostov,9
XXIII,5
Yakovlev,3
Zakhar,9
Zaletaev,2
Zdrzhinski,7
Zherkov,40
Zhilinski,8
Znaim,16
Zubov,2
,89868
von Toll,4
