Abbey of Saint-Antoine des Champs,2
Abraham,2
Adam,3
Agnes,16,Agnes la Herme,2,Herme,1
Alexander,3
Amelotte,4,Amelotte de Montmichel,2,Montmichel,2
Andry the Red,6
Andry,6,Andry Musnier,5
Apple,5
Aristotle,3
Balue,2,Jean Balue,2
Baptiste Croque-Oison,2
Barbeau,3
Barbedienne,2,Florian,9,Florian Barbedienne,5
Bellringer,4
Berangere,9
Biscornette,2
Bois,3
Bourg Saint-Germain,2
Bourges,3
Brotherhood of Fools,2
CLAUDE FROLLO,2,Claude,62,Claude Frollo,33,Dom Claude,58,Dom Claude Frollo,5,Frollo,7
Caesar,2
Catherine de Medicis,2
Chantefleurie,18,La Chantefleurie,4
Charlemagne,6
Charles VII.,4
Charles de Bourbon,2,de Bourbon,9
Charles the Bold,3
Charles,9,Charles V.,14
Charles,9,Charles VI,0
Charmolue,36,Jacques,28,Jacques Charmolue,17
Chatelet,30
Chopin,2,Chopin Trouillefou,1
Christopher,4
Cicero,5
Claude Choart,2
Claude Pernelle,2
Clopin,49,Clopin Trouillefou,17,Trouillefou,9
Coictier,28,Jacques,28,Jacques Coictier,11
Colombe,7,Colombe de Gaillefontaine,2
Coppenole,42,JACQUES COPPENOLE,1,Jacques,28,Jacques Coppenole,3
Cordova,2
Corne,1
Court of Parliament,2,Parliament,5
Daedalus,4
Dame Aloise,7
Damoiselle Guillemette,2
Dante,5
Diana,2
Diane,4,Diane de Christeuil,4
Didymus,2
Diogenes,2
Djali,36
Du Breul,1,du Breul,2
Duke,27
ESMERALDA,1,Esmeralda,20,Mademoiselle,9,Mademoiselle Esmeralda,3
Edward IV,2
Etienne Haudry,1
Eustache,18,Eustache Moubon,2
Falourdel,11,La Falourdel,2
Faust,2
Flamel,3,Nicolas Flamel,7
Flanders,13,Marguerite,9,Marguerite of Flanders,3
Flemings,16,Messieurs Flemings,2
Fleur-de-Lys,62
Francois Chante-Prune,2
GREVE,1,Greve,40,de Greve,16
Gabrielle,2
Gervaise,29
Ghent,15
Gilles Lecornu,4
Gisquette,20
God,112
Gossip Tourangeau,14,Tourangeau,6
Gregory,2,Gregory VII.,2
Gringoire,309,PIERRE GRINGOIRE,1,Pierre,25,Pierre Gringoire,22
Gudule,22
Guillaume Rousseau,2
Guillaume de Paris,4
Guillaume,20,Guillaume Rym,18,Rym,8
Gutenberg,4
Guybertant,3
Hax,1
Henri IV.,3
Henriette la Gaultiere,2
Hermes,5
Hippocrates,3
Homerus,2
Horace,3
I. GRINGOIRE,1,I. Gringoire,2
Isabeau,5
Issy,3
Jacqueline,4
Jehan Frollo,6,Jehan Frollo du Moulin,2,Jehan du Moulin,3,Moulin,6
Jehan Marchand,2
Jehan,148,Jehan Fourbault,3
Jehanne,4,Jehanne de la Tarme,2
Jesus,7
Joannes de Molendino,2
Joannes,6,Joannes Frollo,3
John,9
Josas,8
Julian,6
Jupiter,39
King,46,King Louis XI,4,Louis,24,Louis XI,0
La Esmeralda,19,la Esmeralda,31
La Fontaine,2
Labor and Clergy,3
Le Mauvais,0,Olivier le Mauvais,2
Lienarde,18
Louis XV.,7
Louis,24,Louis XI.,60
Luther,5
Madame Aloise,3
Magistri,2
Mahe Fedy,2
Mahiette,46
Marc Cenaine,3
Marche aux Pourceaux,3
Maria,3
Marie,11
Martin,8
Master Jacques,20
Master Olivier,18
Master Pierrat,5
Mathias,4,Mathias Hungadi,3,Mathias Hungadi Spicali,0
Maximilian,2
Michael Angelo,4
Michel,9,Michel Giborne,3
Mistricolle,2,Robert Mistricolle,2
Monsieur d'Estouteville,2
Monsieur,76,Monsieur Phoebus,2,Phoebus,211
Napoleon,2
Nicholas Flamel,5
Noel,12
Norman,2
Olivier,18,Olivier Le Daim,1,Olivier le Daim,4
Olympus,2
Oudarde,47
Paquette,18
Pardieu,7
Parvis,12,Rue du Parvis,5,du Parvis,6
Pasquier,3
Peter,2
Petit Pont,2,Pont,24
Philip Augustus,11
Philippe Brille,2
Philippe Lheulier,5
Philippe de Comines,3
Pierrat,6,Pierrat Torterue,6
Pierre d'Ailly,2
Pillar House,5
Pont Saint-Michel,8
Pont au Change,2
Pont aux Changeurs,1
Pont aux Meuniers,3
Pope,14,Pope of the Fools,14
Porte Saint-Antoine,2
Porte Saint-Germain,2
Porte Saint-Honore,2
Porte Saint-Michel,2
Pythagoras,3
Quasimodo,245
Rabelais,2
Raphael,4
Ravaillac,3
Regnier,2
Rembrandt,3
Robert,7,Robert d'Estouteville,10
Robin,6,Robin Poussepain,11
Rolande,3
Rue Saint-Antoine,2
Rue Saint-Pierre-aux-Boeufs,3
Rue de la Coutellerie,2
Saint-Jacques,6,Saint-Jacques de la Boucherie,6
Saint-Jean,7
Saint-Louis,3
Saint-Martin,11
Saint-Peter,5
Saint-Pierre,2
Sainte-Genevieve,16
Sauval,5
Savoy,3
Saxon,6
Shakespeare,3
Simon Radin,1
Solomon,7
Thibaut,8
Tournelle,11
Tristan,56
University,33
Ventre Dieu,0
Venus,6
Vicomte de Cormontreuil,2
Virgin Mary,4
Voltaire,3
Zoroaster,2
