Adelaida,80,Adelaida Ivanovna,3
Afanasy Ivanovitch,18
Aglaya,425,Aglaya Ivanovna,60
Alexander,4
Alexandra Ivanovna,4
Alexandra,64,Alexandra Michailovna,3
Anfisa,3,Anfisa Alexeyevna,2
Anisia,2
Antip,2,Antip Burdovsky,4,Burdovsky,62
Ardalion Alexandrovitch,15
Bachmatoff,10,Peter,7,Peter Matveyevitch Bachmatoff,2
Barashkoff,4
Barry,5
Bielokonski,31
Burdovsky,62,Mr. Burdovsky,31
Charasse,2
Chateau des Fleurs,2
Christ,16
Colia,237
Columbus,3
Dana Alexeyevna,4
Daniloff,2
Daria,2,Daria Alexeyevna,19
Davoust,8
Doktorenko,9
Don Quixote,4
Dr. Schneider,3,Schneider,21
Elizabetha Prokofievna,6
Epanchin,87,Ivan Fedorovitch,31,Ivan Fedorovitch Epanchin,2
Epanchin,87,Mrs. Epanchin,106
Epanchins,67
Eropegoff,12,Eroshka,2,Eroshka Eropegoff,2
Evgenie,68,Evgenie Pavlovitch,159
Ferdishenko,94,Mr. Ferdishenko,3
Fortune,5
Gania,378
Gavrila,1,Gavrila Ardalionovitch,56,Gavrila Ardalionovitch Ivolgin,3,Ivolgin,46
Georges Dandin,2
Gleboff,4
God,73
Gogol,6
Gorsky,2
Hippolyte Terentieff,2
Hippolyte,208,Mr. Hippolyte,3
Holbein,3
Ivan Petrovitch,30,Ivan Petrovitch Ptitsin,2,Ivan Ptitsin,1
Josephine,3
Jove,2
Kapiton,9
Katia,10
Keller,73,Mr. Keller,10
Kislorodoff,2
Kolpakoff,7
Kostia,2,Kostia Lebedeff,5,Lebedeff,352
Koulakoff,4
Kryloff,3
L. MUISHKIN,2
Lazarus,2
Lef Nicolaievitch,40,Lef Nicolaievitch Muishkin,2,Muishkin,95
Lenotchka,3
Lihachof,2
Lizabetha,13,Lizabetha Prokofievna,172
Luboff,2
Lubotchka,2
Lukian,2,Lukian Timofeyovitch,8
Lyons,2
Madame Epanchin,10
Madame Terentieff,3,Terentieff,4
Marfa Borisovna,8
Marie,38
Martha,3
Meyer,6
Miss Smith,2
Mr. Lebedeff,4
Mr. Pavlicheff,6,Pavlicheff,56
Mr. Ptitsin,4,Ptitsin,84
Mr. Terentieff,6,Terentieff,4
Mr. Totski,5,Totski,105
Mrs. Rogojin,2
N.,208,Prince N.,7
Napoleon,23
Nastasia,168,Nastasia Philipovna,249
Nastia,2
Nicolai Andreevitch,4,Nicolai Andreevitch Pavlicheff,4
Nicolai Lvovitch,3
Nicolai,3,Nicolai Ardalionovitch,8
Nikifor,5
Nina,7,Nina Alexandrovna,68
Norma,8
Orel,2
Osterman,7
Paparchin,3
Parfen Semeonovitch,4
Parfen Semionovitch,5
Parfen,47,Parfen Rogojin,7,Rogojin,387
Pavlofsk,72
Peter Zakkaritch,2
Petersburg,77
Petroff,2
Pirogoff,3
Platon,5
Prince S.,75,S.,136
Prince S,1
Prince,51,Prince Muishkin,33
Pskoff,9
Ptitsin,84,Varvara,14,Varvara Ardalionovna,19,Varvara Ardalionovna Ptitsin,2
Pushkin,10
Radomski,3
Roustan,2
Salaskin,8
Samson,2
Schlosser,2
Senka,2
Sokolovitch,6
Surikoff,5
Tchebaroff,20
Terentich,2
VIII,4
Varia,102,Varia Ardalionovna,2
Vassili Ostroff,2
Vauxhall,9
Vera Lebedeff,16
Vera,33,Vera Lukianovna,2
Voltaire,2
Wilkin,7
Zaleshoff,10
Zemarin,2
