Anthony,2
BASKERVILLE,1,Baskerville,45,Charles,80,Charles Baskerville,14
Barrymore,64,Mrs. Barrymore,4
Barrymores,6
Baskerville Hall,27
Baskerville,45,Henry,136,Henry Baskerville,20
Baskervilles,12
Beryl,3
Bradley,2
CARTWRIGHT,1,Cartwright,8
Charing Cross,5,Charing Cross Hospital,2
Clayton,1,John,4,John Clayton,2
Coombe Tracey,17
Devonshire,14
Dr. James Mortimer,4,Dr. Mortimer,72,James,3,James Mortimer,1,Mortimer,13
Dr. Watson,26,Watson,88
Frankland,15,Mr. Frankland,3
Grimpen,24
HOLMES,2,Holmes,135,Mr. Holmes,24,Mr. Sherlock Holmes,12,Sherlock Holmes,20
House,5,Merripit House,12
Hugo,11,Hugo Baskerville,5
James Desmond,1,Mr. James Desmond,1
Jove,2
L. L.,6
Laura Lyons,1,Lyons,3,Mrs. Laura Lyons,9,Mrs. Lyons,9
Lestrade,10
Miss Stapleton,11
Mr. Barrymore,5
Mr. Stapleton,5,Stapleton,70
Mrs. Oldmore,1
Mrs. Stapleton,7
Mrs. Vandeleur,2,Vandeleur,2
Perkins,5
Regina,2
Rodger,3,Rodger Baskerville,2
Selden,13
Times,10
Wilson,2
