ABRAHAM VAN HELSING,1,Abraham Van Helsing,2,VAN HELSING,5,Van Helsing,236
AGATHA,1,Agatha,4
ARTHUR,1,Arthur,137,Arthur Holmwood,9,Holmwood,3
Arminius,2
Art,24
Attila,2
Berkeley Hotel,3
Bersicker,9
Bilder,3,Mr. Bilder,3
Billington,3,Samuel F. Billington,2
Bistritz,12
Board of Trade,2
Buda-Pesth,5
Carfax,24
Carpathians,9
Carter,2,Carter Paterson,2
Catherine,0
Charcot,2
Church,5,Mary,8,St. Mary 's Church,0
Corcoran,2
Count Dracula,9,Dracula,23
Court,6,Potter 's Court,0
Cross,9,King,13,King 's Cross,0
Customs,3
DR. SEWARD,11,Dr. John Seward,2,Dr. Seward,63,John,66,John Seward,4,Seward,43
Demeter,0
Donelson,2
Doolittle,2
Dr. Van Helsing,56
Dr. Vincent,2,Vincent,1
Enoch,3
Galatz,18
Geordie,3
God,176
Gott,4
Harker,73,JONATHAN HARKER,8,Jonathan,175,Jonathan Harker,7
Hawkins,6,Mr. Hawkins,15,Mr. Peter Hawkins,2,Peter Hawkins,2
Heath,6
Herr,7
Hill,2,Tate Hill Pier,6
Immanuel Hildesheim,1
Jack,13,Jack Seward,3
John Paxton,2
Joseph,4
Journal,25
Lloyd,4
Lor,4
Lord Godalming,64
Lucy,253,Lucy Westenra,10,Miss Lucy,27,Miss Lucy Westenra,2,Miss Westenra,6,Westenra,9
MINA HARKER,7,Mina Harker,5
MINA MURRAY,2,Mina,118,Mina Murray,2,Miss Mina Murray,2,Miss Murray,1
Mackenzie,2
Madam Mina,83
Magyar,3
Mitchell,5,"Mitchell , Sons",0,"Mitchell , Sons , & Candy",0
Morris,22,Mr. Morris,31,Mr. Quincey Morris,3,Quincey,60,Quincey Morris,19
Mr. Billington,3
Mr. Harker,4
Mr. Holmwood,5
Mr. Jonathan,2
Mr. Renfield,7,Renfield,41
Mr. Swales,5
Mrs. Harker,60
Mrs. Westenra,17
PATERSON & CO.,1,Paterson & Co.,2
PATRICK HENNESSEY,1,Patrick Hennessey,1
Petrof Skinsky,2,Skinsky,10
QUINCEY P. MORRIS,1,Quincey P. Morris,2
Robin Hood,3
Rufus Smith,0
Sam,4,Sam Bloxam,2
Saxon,2
Shakespeare,2
Smollet,7
Thomas,5,Thomas Snelling,2
Thor,2
Un-Dead,36
Westminster Gazette,5
Whitby,40
Wilhelmina,3
