-- Basil,0
Adrian,1,Adrian Singleton,2
Agatha,1,Lady Agatha,2
Alan,28,Alan Campbell,4,Campbell,25
Alexander,2
Basil,112,Basil Hallward,32,Hallward,76
Berwick,2
Charles,4
Chopin,4
Christ,3
Church,3
Cordelia,2
Dorian,209,Dorian Gray,107,Gray,8,Mr. Dorian Gray,2,Mr. Gray,28
Francis,9
Gautier,4
Harry,125,Lord Harry,1
Henry Ashton,2
Henry,11,Lord Henry,124,Lord Henry Wotton,3
Hetty,4,Hetty Merton,2
Imogen,4
James,5
Juliet,10
Lady Brandon,2
Lady Gwendolen,2
Lady Henry,3
Lord Sherard,1
Mayfair,2
Mercutio,2
Monsieur,2
Mr. Ashton,7
Mr. Hallward,2
Mrs. Leaf,3
Ophelia,3
Parker,3
Patti,4
Romeo,7
Rosalind,5
Shakespeare,9
Sibyl Vane,36
Victor,7
