Alan,415,Alan Breck,13,Alan Breck Stewart,2,Stewart,8
Alexander,6,Mr. Alexander,1
Appin Stewarts,2,Stewarts,6
Appin,34,Appin Stewart,2
Ardshiel,15
Balachulish,5
Balfour,7,David,71,David Balfour,11,Mr. Balfour,27,Mr. David,12,Mr. David Balfour,2
Ben,2,Ben Alder,4
British Linen Company,2
Camerons,2
Campbell,26,Mr. Campbell,16
Campbells,21
Carse,2
Cluny Macpherson,1
Colin Campbell,5
Colin,5,Colin Roy,3
DUNCAN,1,Duncan,9,Duncan Stewart,3,Stewart,8
Davie,25
Duke,4
Duncan Dhu,3
Duror,5
Dysart,4
Ebenezer,14,Ebenezer Balfour,1,Mr. Balfour,27,Mr. Ebenezer,5,Mr. Ebenezer Balfour,2
Fox,3,Red Fox,8
George,3,King,18,King George,13
Glenure,7
HEUGH,1,Heugh,1
Henderland,5,Mr. Henderland,10
Hoseason,41
Iona,7
James of the Glens,8
James,29,James Stewart,6
Jennet Clouston,4
John,2,John Breck,6
Kippen,2
Linnhe Loch,5
Loch Errocht,2
Loch Rannoch,2
Macgregor,6,Mr. Macgregor,3
Maclaren,4,Mrs. Maclaren,3
Maclarens,5
Maclean,5
Mr. Rankeillor,22,Rankeillor,13
Mr. Riach,38,Riach,9
Mr. Shuan,13,Shuan,8
Mr. Stewart,9
Mr. Thomson,20,Thomson,4
Mrs. Stewart,2
Mungo,4
Neil,6,Neil Roy,3
Ransome,18
Rob Roy,2
Robin,20,Robin Oig,2
Ross,7
Shaws,30
Torosay,11
Torrance,13
Uncle Ebenezer,8
Ye,53
,20017
