-- Antiquity,0
-- Barang,0,Barang,4
-- Dedalus,0
-- God,0,God,227
-- Haines,0,Haines,64
-- Metempsychosis,0
-- Nannan,0,Nannan,3
-- Nao,0
-- Seymour,0
-- You,0
ALEXANDER KEYES,1,Alexander,8,Alexander Keyes,4,Keyes,13
ALF BERGAN,1,Alf,55,Alf Bergan,5,Bergan,4
Aaron Figatner,2
Abbey,9
Abraham,5
Adam,10
Adonai,6
Agatha,2
Agendath,7,Agendath Netaim,7,Netaim,3
Aham,2
Alba Longa,2
Albert,6,Albert Edward,2,Edward,7
Albion,4
Aleph,3
Alice,8
Allsop,2
Almidano Artifoni,8
Andrew,5
Andrews,3
Ann,8,Mary,44,Mary Ann,3
Anna Liffey,2
Anne,3,Anne Kearns,2
Antichrist,3
Antisthenes,4
Antonio,8
Apjohn,2,Percy,3,Percy Apjohn,4
Aranjuez,2
Arbour,4
Aristotle,8
Armstrong,5
Arthur,5,Arthur Griffith,4,Griffith,3
Athos,5
Aubrey,2
Augustine,3
BEAUFOY,4,Mr Beaufoy,1,Mr Philip Beaufoy,2,Philip,6,Philip Beaufoy,2
BELLO,37,Bello,2,Mr Bello,2
BEN DOLLARD,4,Ben,32,Ben Dollard,31,Dollard,17
BLOOM,279,Bloom,434,Leopold,54,Leopold Bloom,13,Mr Bloom,227,Mr Leopold,2,Mr Leopold Bloom,2
BOARDMAN,2,Boardman,9,Edy,23,Edy Boardman,15
BOB DORAN,1,Bob,13,Bob Doran,18,Doran,3
BOYLAN,8,Blazes Boylan,26,Boylan,34
BRINI,1,Brini,1
BUCK MULLIGAN,2,Buck Mulligan,99,Mulligan,39
BURKE,1,Burke,15,Mr O'Madden Burke,16,O'MADDEN BURKE,1,O'Madden Burke,2
Bacon,4
Bailey,3
Bald Pat,7,Pat,43
Ballybough,2
Bank,2,Red Bank,2
Bannon,6
Bantam,5,Bantam Lyons,14,LYONS,1,Lyons,6
Barney,5,Barney Kiernan,7,Kiernan,1
Barraclough,2
Barry,1,MRS YELVERTON,0,MRS YELVERTON BARRY,5,Mrs Yelverton Barry,1
Bartell,3,Bartell d'Arcy,3
Bedford,2
Behan,2
Bella,7,Bella Cohen,3,Cohen,5
Ben Howth,5
Benamor,2
Benben,3
Benjamin,3,Benjamin Dollard,2
Bennett,9,Gordon,2,Gordon Bennett,4
Bernard Corrigan,3,Corrigan,1
Bernard Kiernan,4
Bernard,3,Bernard Vaughan,3
Bertha,0,Bertha Supple,4
Biff,2
Black Liz,2,LIZ,1,Liz,1
Blackrock,2
Blake,5
Bloom,434,MILLY,2,Milly,40,Milly Bloom,2
Blum Pasha,2
Bob,13,Bob Cowley,6,Cowley,38
Boody,9,Boody Dedalus,2
Bous Stephanoumenos,2
Boyd,3
Boyle,3,Boyle O'Connor Fitzmaurice Tisdall Farrell,0,Cashel,5,Cashel Boyle O'Connor Fitzmaurice Tisdall Farrell,5,Cashel Boyle O'connor Fitzmaurice Tisdall Farrell,0,Farrell,5,O'Connor,4
Brady,4,Joe Brady,3
Brayden,2
Breen,7,MRS BREEN,19,Mrs Breen,12
Brian Boru,2
Brian Cooper Tweedy,3,Brian Tweedy,2,TWEEDY,2,Tweedy,12
Bridgwater,4
Bridie,2,Bridie Kelly,1,Kelly,6
Broadstone,3
Brunny Lynam,3,Lynam,1
Bull,5,John,56,John Bull,3
Bullock,2
Burbage,3
Burton,6
Bushe,6,Seymour,4,Seymour Bushe,5
Byron,1,Lord Byron,2,lord Byron,1
C. P. M'Coy,3,M'Coy,35
CHRIS CALLINAN,1,Chris,1,Chris Callinan,5
CISSY CAFFREY,12,Cissy,33,Cissy Caffrey,21
CITRON,1,Citron,7
COFFEY,1,Coffey,3
COMPTON,13,Private Compton,5
CONNOR,1,Connor,2
COSTELLO,1,Costello,15
CROFTON,1,Crofton,7
Caesar,4,Julius,3,Julius Caesar,3
Cahill,1,Mrs Cahill,2
Callan,5,Miss Callan,3
Cameron,2,Charles Cameron,2
Camerons,2
Campbell,5,Henry,33,Henry Campbell,2
Canon O'Hanlon,8
Cantrell,3
Cap,2
Capel,6
Carey,4,Peter,20,Peter Carey,1
Carlow,2
Carmen,3
Caroline Doyle,2
Carr,10
Cassidy,2
Catesby,2
Cavan,3
Ceylon,4
Charing Cross,2,Cross,2
Charles Malone,2
Charles,13,Charles Stewart Parnell,1,Parnell,14,Stewart,3
Charley,7
Childs,6
Christ,30
Chrysostomos,2
Cicero,2
Ciss,5
Clapclap,2
Clapham,2
Clare,4
Clarence,2
Cleopatra,2
Clery,3
Clive Kempthorpe,2
Cochrane,6
Coffee Palace,2
Coleman,4
College Green,2,Green,20
Collis,10
Colum,2
Comyn,3
Conmee,62,John,56,John Conmee,3,John Conmee S.J.,3
Connacht,3
Conroy,12,Gabriel,1,Gabriel Conroy,2
Conway,3
Cook,4
Coombe,7
Cork,14
Corley,9,Lord John Corley,2
Corny Kelleher,26,KELLEHER,12
Crampton,1,Philip Crampton,2
Cranly,7
Crawford,7,MYLES CRAWFORD,1,Myles,6,Myles Crawford,33
Cromwell,3
Cuffe,4,Joe Cuffe,3
D. B. Murphy,2,Murphy,10
DAVY BYRNE,1,Davy,5,Davy Byrne,20
DAVY STEPHENS,1,Davy,5,Davy Stephens,2
DLUGACZ,1,Dlugacz,5
DOLAN,1,Dolan,2
DON JOHN CONMEE,1,Don John Conmee,3
DR MULLIGAN,1,Dr Malachi Mulligan,2,Dr Mulligan,1
Dalton,2
Daly,5
Dan,9,Dan Dawson,3,Dawson,5
Dana,1
Dane,2
Daniel,4,Daniel O'Connell,2,O'Connell,12
Danny,2
Dante,3
David,10,David Sheehy,1,Mr David Sheehy,3,Mr Sheehy,1
Davy Jones,2,Jones,2
Deasy,4,GARRETT DEASY,1,Garrett Deasy,2,Mr Deasy,35,Mr Garrett Deasy,2
Dedalus,29,STEPHEN,89,Stephen,466,Stephen Dedalus,13
Delahunt,2
Denis,8,Denis Breen,5
Deshil Holles Eamus,3
Dick,9,Dick Tivy,2
Dignam,49,Willy,5,Willy Dignam,1
Dillon,10,Mat Dillon,5
Dilly,19,Dilly Dedalus,2
Dineen,2
Dix,2
Dixon,11,Mr Dixon,8
Doady,3
Dockrell,2
Doggerina,2
Dolphin,9,P. O. Dolphin,2
Domini,3
Dominic,2
Don Giovanni,2
Douce,5,Miss Douce,17,miss Douce,21
Dowden,3
Doyle,3,J. C. Doyle,2
Dr Bloom,1
Dr Hy Franks,1
Drago,3
Drimmie,2
Driscoll,2,MARY DRISCOLL,5,Mary Driscoll,2
Du,4
Dublin United Tramways Company,1
Dudley,6,Lady Dudley,1,lady Dudley,2
Duke,8
Dumas,2
Dunne,1,Miss Dunne,2
Dunphy,4
Dunsink,5
ELLEN BLOOM,1,Ellen Bloom,0
ERIN,3,Erin,15
Eccles,13
Edmund,11
Edward the Seventh,2
Egan,4,KEVIN EGAN,1,Kevin,5,Kevin Egan,5
Eglinton,8,JOHN EGLINTON,1,John,56,John Eglinton,32
Elijah,15
Elizabeth,3
Ellis,2,Mrs Ellis,1
Elsinore,3
Elvery,2
Emmet,2,Robert,6,Robert Emmet,2
Ennis,9
Epps,4
Esau,2
Eugen Sandow,2,Sandow,3
Eugene Stratton,1,Mr Eugene Stratton,2
FARLEY,1,Farley,1
FLYNN,3,Flynn,4,Nosey Flynn,28
Fawcett,2
Fehrenbach,2
Fergus,4
Fetter,3
Finn,3
Fitzgibbon,7
Fitzharris,3
Fitzsimons,2
Floey,4,Floey Dillon,2
Florry Talbot,2,Talbot,9
Fox,3
Francis,9,Francis Xavier,1
Frank,6
Fred Ryan,2
Frederick,8,Frederick Falkiner,2
Freeman,6
Fritz,2
GALLAHER,1,Gallaher,5,Ignatius,5,Ignatius Gallaher,3
GERTY,2,Gerty,50,Gerty MacDowell,11,Gerty Macdowell,1,MacDowell,4
GROGAN,2,Grogan,6
Galileo,2
Gara,4
Gardiner,9
Gardner,7
Garry,4
Garryowen,7
George,28,George Lidwell,10,Lidwell,9
Georgina Johnson,2
Geraghty,5
Gerald,9,Gerald Ward,1,Gerald Ward A.D.C.,2,Ward,15
Gerard,3
Gertrude,4
Gia,1
Gilbert,3
Gill,3
Giltrap,4
Gladstone,2,William Ewart Gladstone,2
Glencree,6
Glynn,3
Goethe,2
Goodwin,13
Goulding,19,RICHIE,3,RICHIE GOULDING,1,Richie,26,Richie Goulding,13
Graham Lemon,3
Grattan,3,Henry Grattan,2
Gray,2,John Gray,2
Grey,4
Grove,2
Groves,2
Guinness,14
Gumley,8
H. E. L. Y. 'S,0
H. J. O'Neill,1,Messrs H. J. O'Neill,2,O'Neill,4
H. RUMBOLD,0,H. Rumbold,1,RUMBOLD,4,Rumbold,1
HENNESSY,1,Hennessy,1
HENRY,3,Henry,33,Henry Menton,3,John,56,John Henry,3,John Henry Menton,15
HOPPY HOLOHAN,1,Holohan,3,Hoppy Holohan,1
HORATIO,1,Horatio,1
HORNBLOWER,1,Hornblower,5
HYNES,1,Hynes,29,JOE HYNES,1,Joe,123,Joe Hynes,3
Hamilton Long,2
Hamlet,26
Hamnet Shakespeare,3
Handel,2
Hardwicke,4
Harold,2
Haroun Al Raschid,1,Haroun al Raschid,1
Harris,5
Harrison,2
Harry,14,Harry Hughes,3
Harry,14,Lord Harry,1,lord Harry,5
Harvey,2,Martin Harvey,2
Hatch,2
Haw,3
Heenan,2
Hegarty,2
Heigho,12
Helen,6
Hely,12
Hengler,3
Henny Doyle,2
Henry Clay,2
Henry Flower,9
Hester,3
Higgins,8,ZOE,77,Zoe,26,Zoe Higgins,1
High School,6
Hirsch,1,Le Hirsch,2
Holyhead,2
Hooper,2,Paddy Hooper,2
Horn,6
Horne,15
Hozier,2
Hufa,2
Hugh,7,Hugh C. Love,3
Hughes,2,Willie Hughes,3
Hyde,2
Iar,2
Im,49
Isaac,1,Isaac Butt,2
Isis,1
Isolde,2
J. J.,26,J. J. O'MOLLOY,3,J. J. O'Molloy,43,O'Molloy,2
J. J,0
JIMMY HENRY,1,Jimmy Henry,6
JOHN HOWARD PARNELL,1,John Howard,1,John Howard Parnell,6
JOHN O'CONNELL,2,John O'Connell,3
JOHN WYSE NOLAN,2,John Wyse,18,John Wyse Nolan,12
Jack Mooney,3,Mooney,7
Jack,29,Jack Power,9
Jacky,15,Jacky Caffrey,6
Jacob,9
Jacobs,2
James Lovebirch,0
James,28,James Stephens,5,Stephens,1
Jammet,2
Jasperstone,2
Jehovah,1
Jenny,3
Jesurum,2
Jesus,34,Lord Jesus,1,lord Jesus,1
Joan,2
Joe Chamberlain,3
John F Taylor,2,Taylor,5
John Fanning,10
John Hooper,2
John Hughes,3
John Jameson,2
John Long,2
John O'Gaunt,1,John o'Gaunt,1
John Rogerson,2
Johnny,4,Johnny Lever,3
Joly,2
Jones-Smith,2
Joseph Cuffe,3
Joseph,18,Joseph the Joiner,1,Joseph the joiner,2
Josie,4,Josie Powell,4
Journal,3
Jove,5
Juda,2
Judas,6,Judas Iscariot,2
KITTY,16,Kitty,21,Kitty Ricketts,4
Katey,9
Kathleen Kearney,2,Kearney,1
Katty Lanner,2
Kavanagh,6
Kay,3
Kennedy,7,Miss Kennedy,11,miss Kennedy,14
Keogh,4,Myler,6,Myler Keogh,3
Kernan,5,Mr Kernan,17
Kerry,3
Kildare,14
Kilkenny,5
Kimmage,2
Kinch,30
King,25
Kino,1
Klook Klook Klook,3
L. Bloom,3,Mr L. Bloom,2
L. Boom,2
L. L. D.,1
LARRY O'ROURKE,1,Larry,6,Larry O'Rourke,3,Larry O'rourke,1,O'Rourke,2
LENEHAN,6,Lenehan,100,Mr Lenehan,1
LORCAN SHERLOCK,1,Lorcan Sherlock,2
LYDIA DOUCE,1,Lydia,10,Lydia Douce,3
LYNCH,31,Lynch,38
LYSTER,1,Mr Lyster,2
Lal,2
Lambert,7,Ned,24,Ned Lambert,43
Lawn Tennyson,1
Leah,1
Leahy,2
Lear,2
Leeson,3
Leo,9,M. Leo Taxil,2
Leonard,3,PADDY LEONARD,3,Paddy,13,Paddy Leonard,11
Levenston,2
Lewy Lawson,1
Lily,5
Lionel,9
Lipoti Virag,2,VIRAG,19,Virag,19
Liszt,2
Liverpool,8
Lizzie,1,Lizzie Twigg,2
Lord Edward,1,Lord Edward Fitzgerald,1,lord Edward Fitzgerald,1
Lord Howard de Walden,1,lord Howard de Walden,3
Lord Talbot de Malahide,1,Malahide,8,Talbot,9,Talbot de Malahide,1,lord Talbot de Malahide,1
Lourdes,3
Low,5,Mr Gavin Low,2
Lowry,3
Luke,2,Luke Doyle,3
Lusk,3
MACHUGH,1,MacHugh,21
MALACHI O'FLYNN,2,Malachi O'Flynn,1,O'Flynn,2
MARION,8,Marion,12,Mrs Marion,6,Mrs Marion Bloom,3
MARTHA,2,Martha,17,Martha Clifford,4
MARTIN CUNNINGHAM,1,Martin,30,Martin Cunningham,72
MICHAEL,1,Michael,12,Michael Gallagher,2
MINA KENNEDY,1,Mina Kennedy,4
MOSES,1,Maimonides,2,Moses,23,Moses Maimonides,3
MR HAINES,2
MRS BELLINGHAM,5
MRS KEOGH,1,Mrs Keogh,1
MRS MERVYN TALBOYS,5,Mrs Mervyn Talboys,1
MRS RIORDAN,1,Mrs Riordan,5
MRS THORNTON,1,Mrs Thornton,2,Thornton,1
MacFadden,2
MacKay,2
MacMahon,2
Madam Marion Tweedy,3,Madam Tweedy,1,Marion Tweedy,3
Madden,17
Mady,2
Maffei,1,SIGNOR MAFFEI,1,Signor Maffei,1
Magee,5,Mr Magee,3
Magennis,3
Maggot O'Reilly,2
Maggy,9
Maginni,2,Mr Denis J Maginni,3
Maimun,2
Maior,1,Ursa Maior,2
Mairy,2
Malachi,17,Malachi Mulligan,5,Mr Malachi Mulligan,1,Mr Mulligan,9
Mangan,2
Marcus Tertius Moses,2
Maria,8
Marie Kendall,4
Mario,4
Mark,8
Martyn,2
Mastiansky,8
Matcham,3
Matthew Arnold,1
Matthew Dillon,4
Maud Branscombe,2
Maud Gonne,2
Meade,3
Mendelssohn,4,Moses Mendelssohn,2
Menelaus,3
Mercadante,4
Messrs Callan,2
Meyerbeer,3
Michael Davitt,4
Michael Gunn,5
Michan,5
Micky Anderson,2
Millicent,6
Millys,3
Mina,11,Mina Purefoy,3,Mrs Mina Purefoy,2,Mrs Purefoy,4,Purefoy,8
Miriam,3,Mrs Dandrade,1,Mrs Miriam Dandrade,3
Miss Kenn,1,miss Kenn,2
Mnemo,3
Moira,3
Moll,5
Molly,71
Mona,4
Monsieur,11
Moore,12,Tommy,30,Tommy Moore,2
Moses Herzog,4
Mountjoy,7
Mozart,2
Mr Best,21
Mr Boylan,4
Mr Byrne,3
Mr Candidate Mulligan,2
Mr Canvasser Bloom,2
Mr Coghlan,2
Mr Crawford,3
Mr Crimmins,3
Mr Cuffes,0
Mr Dedalus,107,Mr S. Dedalus,1
Mr Dignam,3,Mr Patrick Dignam,2,Patrick,23,Patrick Dignam,3
Mr Dollard,4
Mr Flynn,2
Mr Kelleher,3
Mr Lambert,3
Mr Lidwell,3
Mr MacTrigger,0
Mr Nannetti,3,Nannetti,9
Mr O'Rourke,3
Mr Power,48,Power,10
Mr Riordan,2
Mr Russell,3,Russell,9
Mr Stephen,1
Mr Subsheriff,2
Mr Vincent,6,Vincent,9
Mr W. Bass,2
Mr William Gallagher,2
Mrs Bandmann Palmer,3,Palmer,3
Mrs Beaufoy,3
Mrs Cohen,2
Mrs Dignam,4
Mrs Emily Sinico,2,Mrs Sinico,1
Mrs Fleming,6
Mrs Galbraith,2
Mrs Joe Gallaher,1
Mrs O'Dowd,2
Mrs Rubio,3
Mulcahy,3
Mulvey,7
Murray,4,Red Murray,7
Napoleon,4
Nat,2
Nathan,2
National Maternity Hospital,2
Nelly,2,Nelly Bouverist,4
Nelson,14
Nicholas,6
Noah,4
Nobodaddy,2
Noman,2
Norman W. Tupper,3
O'Brien,5,Smith O'Brien,1
O'Callaghan,2
O'Donnell,3,O'Donnell Magnus,2
O'Donoghue,2
O'Halloran,2
O'Hara,3
Ophelia,2
Ormond,17
Ostrolopsky,2
Owen,6,Owen Goldberg,2
Oxford,8
P. O. Westland Row,2,Westland,8
PADDY DIGNAM,6,Paddy Dignam,11
PATRICE,1,Patrice,4
PHILIP SOBER,3,Philip Sober,1
Parliament,4
Pater,1
Patrick Aloysius Dignam,3
Patsy,5
Paul,7,Paul de Kock,4
Peake,3
Penelope,7
Penrose,5
Peter Claver,3
Philip Gilligan,2
Philippe,2
Phyllis,2
Piper,6
Pisgah,1,Pisgah Sight of Palestine,2
Plasto,3
Plato,4
Poldy,24
Prescott,4
Prospero,2
Puck Mulligan,2
Pyrrhus,8
Quigley,3
REUBEN J,1,Reuben,5,Reuben J,6,Reuben J Dodd,2
ROSALIE,1,Rosalie,1
Rabaiotti,2
Raoul,7
Rathgar,4
Reggy Wylie,3
Renan,2
Richard,15,Richard III,0
Ringabella,4
Ringsend,7
Rip van Winkle,4,Winkle,3
Robert Ball,2
Robertson,3
Robinson,2,Robinson Crusoe,4
Roger,3,Roger Greene,1
Rontgen,2
Rorke,2
Rory,3
Rosevean,0
Ross,4
Rossini,2
Royal Dublin Fusiliers,1
Rudolf Virag,3
Rudolph,5,Rudolph Bloom,10
Rudy,9
Ruttledge,3
S. Aloysius Gonzaga,1
S. Brendan,2
S. Kevin,2
S. Martin,2
S. Mary,1
SHAKESPEARE,2,Shakespeare,37,William,24,William Shakespeare,4
SUSY,1,Susy,2
Sally,2
Salmon Leap,2
Santry,2
Sara,5
Sargent,7
Sassenach,2
Saul,0
Savorgnanovich,2
Saxon,6
Sayers,2
Sceptre,9
Schwarz,2
Selene,2
Shannon,4
Shelley,2
Si Dedalus,3
Sidney,4
Simon,33,Simon Dedalus,17
Sinn Fein,4
Skin-the-Goat,10
Skinner,2
Slan,0
Slattery,3
Slieve Bloom,2
Smerdoz,2
Smithfield,2
Socrates,5
Solomon,2
Spinoza,4
Stabat Mater,0
Starkey,2
Steve,3
Stuart,2
Stubbs,2
Susan,3
Sutton,2
Swinburne,3
Synge,6
THEODORE PUREFOY,1,Theodore,2,Theodore Purefoy,2
TOM KERNAN,1,Tom,16,Tom Kernan,13
TOM ROCHFORD,1,Tom,16,Tom Rochford,13
Tantum,0
Tara,6
Tay Pay,2
Terry,21
Theosophos,2
Thom,4
Thomas Kernan,3
Thomas,21,Thomas Deane,1
Timothy,3
Todd,2
Toft,3
Tommy Caffrey,5
Trinity,22
Tunney,4
Turko,3
Val Dillon,4
Venus,11,Venus Pandemos,2
Victoria,8
W. E. Wylie,2
W. Lane,2
WETHERUP,1,Wetherup,3
Walter,9
Warwickshire,2
Weiss,2
Westmoreland,3
Whelan,3
Whiteside,2
Wilde,9
William Humble,3
William Tell,2
Willy Murray,2
Winny Rippingham,1
Woods,2
Wren,3
Ye,3
Yeats,3
Yorkshire,10
Zarathustra,3
lady Maxwell,1
miss Dubedat,2
