-- Chad,0
-- Madame de Vionnet,0,Madame de Vionnet,149,Vionnet,2
-- Strether,0
Balzac,3
Baptiste,4
Bilham,146,Mr. Bilham,11
Burlington Arcade,2
Catholic Church,2
Chad,600,Chad Newsome,12,Newsome,5
Chadwick,3
Cheval Blanc,3
Francine,3
Francois,3
Gloriani,19,Madame Gloriani,3
Havre,2
Jeanne,29,Jeanne de Vionnet,6
Jim,71,Jim Pocock,5
Lambert Strether,16,Strether,1035
Liverpool,7
Mademoiselle de Vionnet,7
Mamie,64,Mamie Pocock,4
Marche aux Fleurs,2
Maria,63,Maria Gostrey,23
Marie,4,Marie de Vionnet,4
Milrose,14
Miss Barrace,64
Miss Gostrey,165
Miss Mamie,2
Miss Pocock,7
Monsieur de Montbron,4
Monsieur,4,Monsieur de Vionnet,4
Mother,16
Mr. Chad,8
Mr. Jim,2
Mr. Newsome,30
Mr. Pocock,4
Mr. Strether,11
Mr. Waymarsh,17
Mrs. Jim,3
Mrs. Newsome,124
Mrs. Pocock,77,Pocock,12
Mrs. Waymarsh,2,Waymarsh,231
Musette,3
Pagan,6
Pendennis,2
Pocock,12,Sarah,142,Sarah Pocock,10
Pococks,23
Sally,19
Victor Hugo,2
Woollett,114
