Ada Dyas,2
Adeline,5
Amy,3,Amy Sillerton,2
Archer Madeira,1
Archer,530,Mrs. Archer,100,Mrs. Newland,2,Mrs. Newland Archer,3,NEWLAND,1,Newland,104,Newland Archer,50
Augusta,4,Augusta Welland,3
Beaufort,125,Julius Beaufort,10,Mrs. Beaufort,22,Mrs. Julius Beaufort,2
Bencomb,3,Dr. Bencomb,5
Bill,4
Blenker,3,Mrs. Blenker,3
Bob Spicer,2
Buenos Ayres,2
Buhl,2
Cabanel,3
Campanini,2
Carfry,6,Mrs. Carfry,10
Catherine Mingott,2
Catherine,30,Catherine Spicer,2,Spicer,2
Chivers,9,Mrs. Reggie,2,Mrs. Reggie Chivers,2,Reggie Chivers,4
Chiverses,12,Reggie,6,Reggie Chiverses,5
Christopher Columbus,1
Count Olenski,10,Olenski,11
Countess,28,Countess Olenska,58
Dallas,41,Regina,18,Regina Dallas,1
Diana,4
Dr. Agathon Carver,3,Dr. Carver,15
Dr. Ashmore,3
Duke,39
Dukes,2
ELLEN,2,Ellen,97,Ellen Olenska,26,Olenska,35
Eastlake,3
Egmont,2
Elaine,2
Ellen Mingott,5
Emerson Sillerton,4
Fanny,14,Fanny Beaufort,3
Faust,5
Gertrude,3,Gertrude Lefferts,3
Grace Church,4
Grandmamma Spicer,2
Granny,37,Granny Mingott,2
Harry Montague,2,Montague,2
Henry,11,Henry van der Luyden,2,Luyden,11,Mrs. Henry van der Luyden,3,Mrs. van der Luyden,33,van der Luyden,12
Ida Lewis,2
Jackson,13,Mr. Jackson,31,Mr. Sillerton Jackson,17,Sillerton,13,Sillerton Jackson,11
Jacksons,2
Jane Merry,1
Janey,49
Kate,1,Kate Merry,2
Larry,1,Larry Lefferts,2
Lawrence Leffertses,1
Lawrence,7,Lawrence Lefferts,22,Lefferts,24
Lemuel Struthers,3,Mrs. Lemuel Struthers,6,Mrs. Struthers,19,Struthers,6
Letterblair,15,Mr. Letterblair,35
Louisa,21,Louisa van der Luyden,3
Lovell Mingotts,4,Mingotts,26
Lovell,12,Lovell Mingott,5,Mingott,46,Mrs. Lovell Mingott,14,Mrs. Mingott,36
Luyden,11,Mr. Henry van der Luyden,3,Mr. van der Luyden,36
Luydens,10,van der Luydens,23
M. Perrichon,1
M. Riviere,34,Riviere,5
Madame Nilsson,4
Madame Olenska,152
Mamma,18
Manson Mingott,2,Mrs. Manson,11,Mrs. Manson Mingott,21
Mansons,4
Marchioness Manson,6
Marguerite,2
Mary,6,Mary Chivers,3
May,224,May Welland,21
Medora,25,Medora Manson,15
Merimee,2
Miss Archer,3
Miss Blenker,6
Miss Dyas,2
Miss Harle,4
Miss Jackson,5,Miss Sophy,1,Miss Sophy Jackson,3,Sophy,2
Monsieur,18
Mr. Archer,19
Mr. Beaufort,4
Mr. Dagonet,1,Mr. Urban Dagonet,0
Mr. Lovell Mingott,1,Mr. Mingott,1
Mr. Merry,1,Mr. Selfridge Merry,4
Mr. Redwood,2
Mr. Skipworth,3
Mr. Welland,23
Mr. Winsett,2,Winsett,30
Mrs. Merry,1,Mrs. Selfridge,0,Mrs. Selfridge Merry,3
Mrs. Rushworth,1,Mrs. Thorley Rushworth,1,Rushworth,7,Thorley,6
Mrs. Welland,65
Nastasia,14
Ned Winsett,8
Newland Archers,4
Nice,5
Parker House,8
Patti,2
Regina Beaufort,3
Ruskin,2
Sarasate,2
Selfridge Merrys,4
Skuytercliff,26
Spicers,2
Supreme Court,3
Thackeray,3
Times,3
