Branderham,1,Jabez,3,Jabez Branderham,5
Catherine Heathcliff,1
Catherine Linton,10
Catherine,334,Catherine Earnshaw,9,Earnshaw,62
Cathy,91,Miss Cathy,33
Charlie,3
Dean,3,ELLEN,1,Ellen,93,Ellen Dean,5
Earnshaw,62,Hareton,159,Hareton Earnshaw,10
Edgar Linton,22
Edgar,75,Mr. Edgar,19
Frances,4
Gimmerton,35,Gimmerton Kirk,1
Green,3,Mr. Green,4
Hathecliff,3
Heathcliff,331,Mr. Heathcliff,116
Hindley Earnshaw,3
Hindley,63,Mr. Hindley,14
Isabella,51,Isabella Linton,6
Joseph,140
Juno,3
Kenneth,15,Mr. Kenneth,9
Linton,230,Linton Heathcliff,1,Mrs. Heathcliff,24,Mrs. Linton,54,Mrs. Linton Heathcliff,2
Lintons,13
Liverpool,3
Maister,6,Maister Linton,2
Mary,2
Master Linton,6
Michael,3
Minny,12
Miss Catherine,25
Miss Earnshaw,3
Miss Isabella,5
Miss Linton,15
Mr. Earnshaw,34
Mr. Hareton,10
Mr. Linton,56
Mr. Lockwood,18
Mrs. Dean,37
Mrs. Earnshaw,8
Nell,3
Nelly,85,Nelly Dean,4
Penistone Crags,7
Robert,3
Skulker,7
Thrushcross Grange,23
Yon,3
Zillah,35
