-- De Bracy,0,De Bracy,192
-- Front-de-Boeuf,0
-- Oswald,0,Oswald,17
-- Rebecca,0,Rebecca,298
-- Richard,0
-- Warton,0
Aaron,2
Abbot,36
Abraham,16
Adam,2
Albert,12,Albert Malvoisin,9,Albert de Malvoisin,3
Alfred,10
Alicia,2,Lady Alicia,2
Ambrose,7
Anna-Marie,6
Anthony,1,St Anthony,2
Anwold,4
Arthur,4
Ashby,37
Athelstane,168
Aymer,16,Prior Aymer,28
Baldwin,4
Bardon,3,Hugh Bardon,3
Baron,19,Norman,110,Norman baron,2
Beaumanoir,34,Lucas,6,Lucas Beaumanoir,9,Lucas de Beaumanoir,0
Ben Israel,0,Nathan,7,Nathan Ben Israel,2
Ben Samuel,4
Benjamin,6
Beowulph,5
Bernard,3
Black Knight,56,Knight,227
Bohun,3
Bois-Guilbert,115,Brian,34,Brian de Bois-Guilbert,56,De Bois-Guilbert,2
Botolph,1,Saint Botolph,4
Burton,5
Cedric,321,Cedric the Saxon,18,Saxon,264
Christopher,4
Clement,6
Coeur-de-Lion,8,Richard Coeur-de-Lion,4
Conrade,26,Conrade Mont-Fitchet,4,Mont-Fitchet,14
Cross,9
Damian,5
Daniel,2
De Grantmesnil,2,Grantmesnil,4
De Wyvil,2,William de Wyvil,3
Dennet,4,Father,28,Father Dennet,2
Dennis,4,St Dennis,2
Diccon,6
Don,2
Duke William,2
Dunstan,17,St Dunstan,19
Earl,11,Earl of Essex,3,Essex,3
Edgar Atheling,2
Edith,6
Edmund,10
Edward,7
Elgitha,9
Endor,3
Estoteville,3
Fitzurse,42,Waldemar,33,Waldemar Fitzurse,21
Franklin,6
Free Company,2
Friar Tuck,6
Front-de-Boeuf,182,Reginald,14,Reginald Front-de-Boeuf,18
George,14
Giles,7
Goodalricke,7
Gurth,181
Harold,7
Hastings,9
Hengist,11
Henry,7,Henry the Second,3
Hereward,7
Herman,2
Higg,9
Hubert,22
Hull,2
Hundebert,2
Ichabod,2
Isaac,157,Isaac of York,19,Isaac the Jew of York,3,York,42
Ishmael,2
Ivanhoe,150,Wilfred,48,Wilfred of Ivanhoe,21
Jacob,16
Jehovah,2
John,48,Prince,87,Prince John,140
John-a-Duck,2
Jorvaulx,23
Judah,9
King,93
Kirjath Jairam,1
Knight of the Fetterlock,12
Knights Templars,3,Templars,30
Lady Rowena,54,Rowena,111
Lincoln,3
Locksley,68
Louis Winkelbrand,2
Malkin,10
Malvoisie,2
Malvoisin,52,Philip,7,Philip Malvoisin,2,Philip de Malvoisin,8
Maria,3
Martival,1,Stephen,6,Stephen de Martival,2
Mary,5,St Mary,2
Matilda,3
Maur,3
Maurice,9,Maurice De Bracy,0,Maurice de Bracy,10
Michael,1,St Michael,2
Miller,12
Miriam,10
Nicholas,4,St Nicholas,2
Normans,32
Odin,2
Palmer,44
Rachel,4
Ralph de Vipont,3
Reuben,6
Richard,122,Richard Plantagenet,9
Robert,7
Robin,6,Robin Hood,11
Sacristan,8
Saladin,3
Saracen,11
Saracens,19
Scathlock,2
Sharon,2
Sherwood,3
Snell,6
Solomon,5
St Francis,1
St John-de-Acre,1
St John,5
St Withold,8
Superior,11
Templar,195
Temple,56
Thane,9
Thomas,8
Torquil,4,Torquil Wolfganger,4,Wolfganger,1
Torquilstone,24
Tosti,7
Ulrica,27
Urfried,15
Wamba,170
Wert,5
William Rufus,2
Wilt,2
Yorkshire,5
Zareth,2
Zernebock,6
