ARTHUR,3,Arthur,75
Aglovale,3
Agravaine,4
Alisande,9
Bagdemagus,4
Bedivere,4
Bessemer,2
Bleobaris,2
Board,8
Bors de Ganis,2
Boss,29
Brandiles,2
Brer Merlin,3,MERLIN,2,Merlin,70
Breuse Sance Pite,2
CLARENCE,2,Clarence,60
Camelot,30
Canterbury,4
Carados,4
Catholic Church,3,Church,62
DINADAN,1,Dinadan,5,Dinadan the Humorist,2
DOWLEY,1,Dowley,21
Fay,1,Morgan,1,Morgan le Fay,5
Gaheris,4
Galahad,4
Gareth,19
Garry,3
Gaul,4
Gauter,2
Gawaine,25
George,5
Grummore Grummorsum,2
Guenever,6,Queen Guenever,4
Hosannah,4
Jones,11
Joseph,3
KING,21,King,43
Kay,24,Kay the Seneschal,3
Knight,7
LAUNCELOT,2,Launcelot,66,Launcelot of the Lake,1
La Cote,2,La Cote Male Taile,4
Lamorak,1,Lamorak de Galis,2
Lionel,2
Lucan,3
Madok,4
Maledisant,2
Marco,24
Marcos,4
Marhaus,31
Moder,2
Mordred,22
Ossaise,4
Ozana,5
Pellinore,4
Pertipole,4
Pertolope,2
Raphael,2
Sagramor,26
Sagramore,2
Sandy,83
Scott,7
Tor,3
Turquine,2
Uriens,5
Uwaine,9
Yankees,3
lord Grip,2
