-- Pope,0
-- Shakespeare,0
Abraham,2
Alice,126
Chingachgook,68
Cora,160,Cora Munro,2,Munro,78
David,120,David Gamut,3
Delawares,103
Duncan,301,Duncan Heyward,2,Heyward,341
Edward,17
Effingham,3
Elsie,2
Glenn,6
Henry,5,William,6,William Henry,23
Hugh,10
Huron,144
Indians,79
La Longue Carabine,18
Le Cerf Agile,5
Le Coeur-dur,2
Le Renard,24,Le Renard Subtil,16,Le Subtil,15,Renard,5,Renard Subtil,0
Lenape,28
Magua,191
Maquas,21
Mingo,33
Miriam,2
Miss Munro,4
Mohawks,13
Mohican,62
Mohicans,55
Monsieur,4,Monsieur Montcalm,2,Monsieur de Montcalm,3
Narragansetts,5
Oneidas,4
Sagamore,38
Tamenund,42
Uncas,244
Webb,15
William Johnson,2
