Alexandre Manette,6
Antoine,52
Army,2
Bailey,20
Bank,31,Tellson,92,Tellson 's Bank,0
Barsad,15,John,6,John Barsad,3
Barsad,15,Mr. Barsad,26
Bastille,22
Beauvais,12
Brutus,4
Carton,96,Mr. Carton,29
Charles Evremonde,6
Charles,44,Charles Darnay,44,Darnay,76,Mr. Charles,2,Mr. Charles Darnay,1,Mr. Darnay,27
Cly,10,Roger Cly,4
Concord,7
Court,20
Cross,6
Defarge,164,Monsieur,30,Monsieur Defarge,26
Ernest Defarge,3
Evremonde,38,Marquis St. Evremonde,2
Foulon,18
Gabelle,19,Monsieur Gabelle,10
Gaspard,8
George,9,George Washington,2
House,29
Jacques One,5
Jacques Two,4
Jacques,39,Jacques Three,25
Jarvis,8,Mr. Jarvis,11
Jerry,82,Jerry Cruncher,3,Mr. Cruncher,98,Mr. Jerry Cruncher,1
Joe,7
King,21
La Force,17
Lewis,3
Lucie Manette,6
Lucie,119,Miss Lucie,4
Madame Defarge,108
Manette,93,Miss Manette,50
Marquis,49,Monsieur,30,Monsieur the Marquis,25
Miss Pross,150,Pross,12
Monseigneur,107
Monsieur Charles,2
Monsieur Manette,8
Mr. Attorney-General,12
Mr. Crunches,2
Mr. Lorry,325
Mr. Stryver,46,Stryver,62
Mrs. Cruncher,12
National Palace,2
Newgate,3
North,17
Samson,4
State,9
Sydney Carton,32
Temple Bar,13
Therese Defarge,1
Time,7
Tom,4
Tribunal,17
VIII,2
Woodman,3
XIV,2
Yaha,4
Young Jerry,22
