Adam,4
Aunt Ablewhite,16,Mrs. Ablewhite,8
Blake,0,Franklin,8,Franklin Blake,21,MR. Franklin Blake,2,Master Franklin,1,Master Franklin I,1,Mr Franklin,1,Mr. Blake,170,Mr. Franklin,423,Mr. Franklin Blake,76
Broad,1
Bruff,1,Mr. Bruff,225
Clack,5
Colonel,73,Colonel Herncastle,9,Cook,1,Herncastle,16
Honourable Caroline,1,Miss Caroline,1
Honourable John,5,John,0,John Herncastle,3
Miss Clack,59
Sir John,18,Sir John Verinder,3
De Quincey,1
Dr. Abel,1
Dr. Carpenter,1
Duffy,4,Little Duffy,1
Eve,1
Ezra Jennings,59,Jennings,0,Mr. Ezra Jennings,2,Mr. Jennings,38
Gabriel,5,Gabriel Betteredge,16,Mr. Betteredge,85
Gardener,0,Mr. Gardener,4
General Baird,3
Godfrey,52,Godfrey Ablewhite,5,Mr. Ablewhite,64,Mr. Godfrey,128,Mr. Godfrey Ablewhite,59
Harry,1
James,1
Jeffco,2,Mr. Jeffco,5
Joyce,9
Julia Verinder,4,Miss Julia,2
Limping Lucy,15
Lucy Yolland,2,Mrs. Yolland,28
Macann,1,Mrs. Macann,2
Miss Ablewhites,4
Miss Adelaide,1
Miss Bellows,1
Miss Herncastles,1
Miss Jane Ann Stamper,8
Miss Rachel,220,Rachel,251,Rachel Verinder,12
Mr. Begbie,11
Mr. Candy,97,Mr. Candy I,1
Mr. Combe,2
Mr. Cuff,6
Mr. Luker,121
Mr. Murthwaite,46,Murthwaite,1
Mr. Seegrave,15,Mr. Superintendent,22,Seegrave,0,Superintendent,10,Superintendent Seegrave,36
Mr. Septimus Luker,6
Mr. Sergeant,1,Sergeant,502
Mr. Smalley,5,Smalley,4
Mr. Yolland,2,Mrs Yolland,0
Mrs. Betteredge,9,Penelope,145,Penelope Betteredge,2
Mrs. Bruff,2
Mrs. Hotherstone,1
Mrs. Merridew,34
Mrs. Threadgall,6
Musk Rose,1
Nancy,14
Octavius Guy,3
Robinson Crusoe,5
Rosanna,133,Rosanna HAS,1,Rosanna Spearman,113
Samuel,33
Selina,4,Selina Goby,4
Solomon,2
Will,59
William Cobbett,1
assistant,19
coachman,4
fisherman,17
landlady,4
landlord,20
mechanic,18
physician,4
postman,4
potboy,1
reader,6
sailor,28
servant,63
spokesman,1
steward,6
thief,32
waiter,5
