character,value,rule,identification,"role (narrator, detective, victim, perpetrator)",notes,identity,type,sub-type,titled,abbrev,qualified,subsumed by
2,John Herncastle,1,TRUE,,,1,Proper,Full,,,,
2,Herncastle,1,FALSE,,,1,Proper,Partial,,,,
2,Colonel,1,FALSE,,,1,Role,Job,,,,
2,Honourable John,1,FALSE,,,1,Proper,Partial,,,,
2,her brother,1,FALSE,,,1,Role,Kin,,,,
2,Colonel Herncastle,1,FALSE,,,1,Proper,Partial,Yes,,,
2,that abominable man,1,FALSE,,,1,UGA,,,,,
2,a dead man,1,FALSE,,,1,UGA,,,,,
2,brother-in-law,1,FALSE,,,1,Role,Kin,,,,
2,testator,1,FALSE,,,1,UGA,,,,,
2,uncle,1,FALSE,,,1,Role,Kin,,,,
2,her late brother,1,FALSE,,,1,Role,Kin,,,,
3,Gabriel Betteredge,1,TRUE,"narrator 2, narrator 10",,1,Proper,Full,,,,
3,Betteredge,1,FALSE,,,1,Proper,Partial,,,,
3,Gabriel,1,FALSE,,,1,Proper,Partial,,,,
3,Mr. Betteredge,1,FALSE,,,1,Proper,Partial,Yes,,,
3,my old friend,1,FALSE,,,1,Role,Social,,,,
3,her servant,1,FALSE,,,1,Role,Job,,,,
3,the old servant,1,FALSE,,,1,Role,Job,,,,
3,my good friend,1,FALSE,,,1,Role,Social,,,,
3,neighbour,1,FALSE,,,1,Role,Social,,,,
3,her old servant,1,FALSE,,,1,Role,Job,,,Yes,her servant
3,my good servant,1,FALSE,,,1,Role,Job,,,,
3,the old man,1,FALSE,,,1,UGA,,,,,
3,the poor old fellow,1,FALSE,,,1,UGA,,,,,
3,my good old friend,1,FALSE,,,1,Role,Social,,,,
3,an old servant,1,FALSE,,,1,Role,Job,,,,
3,correspondent,1,FALSE,,,1,Role,Social,,,,
3,"The warm-hearted, faithful old man",1,FALSE,,,1,UGA,,,,,
3,her faithful old servant,1,FALSE,,,1,Role,Job,,,Yes,her servant
4,Mr. Franklin Blake,1,TRUE,"narrator 5, narrator 7",,1,Proper,Full,Yes,,,
4,nephew,1,FALSE,,,1,Proper,Full,Yes,,Yes,Mr. Franklin Blake
4,Mr. Franklin,1,FALSE,,,1,Proper,Partial,Yes,,,
4,Franklin Blake,1,FALSE,,,1,Proper,Full,,,,
4,Master Franklin,1,FALSE,,,1,Proper,Partial,Yes,,,
4,our nice boy,1,FALSE,,,1,UGA,,,,,
4,guest,1,FALSE,,,1,Role,Social,,,,
4,the English gentleman,1,FALSE,,,1,UGA,,,,,
4,a bright-eyed young gentleman,1,FALSE,,,1,UGA,,,,,
4,our young gentleman,1,FALSE,,,1,UGA,,,,,
4,Franklin,1,FALSE,,,1,Proper,Partial,,,,
4,master,1,FALSE,,,1,Role,Social,,,,
4,Franklin,1,FALSE,,,1,Proper,Partial,,,Yes,Franklin
4,his master's son,1,FALSE,,,1,Role,Kin,,,,
4,My wealthy relative,1,FALSE,,,1,Role,Kin,,,,
4,"Franklin Blake, Esq.",1,FALSE,,,1,Proper,Full,,,Yes,Franklin Blake
4,villain,1,FALSE,,,1,UGA,,,,,
5,Mr. Bruff,1,TRUE,narrator 4,,1,Proper,Partial,Yes,,,
5,the lawyer,1,FALSE,,,1,Role,Job,,,,
5,the family lawyer,1,FALSE,,,1,Role,Job,,,Yes,the lawyer
5,our family lawyer,1,FALSE,,,1,Proper,Partial,Yes,,Yes,Mr. Bruff
5,his father's lawyer,1,FALSE,,,1,Role,Job,,,,
5,worldling,1,FALSE,,,1,UGA,,,,,
5,this horrible old man,1,FALSE,,,1,UGA,,,,,
5,my mother's trusted old friend,1,FALSE,,,1,Role,Social,,,,
5,The worthy old gentleman,1,FALSE,,,1,UGA,,,,,
5,the old lawyer,1,FALSE,,,1,Role,Job,,,Yes,the lawyer
5,the old gentleman,1,FALSE,,,1,UGA,,,,,
5,his friend,1,FALSE,,,1,Role,Social,,,,
5,Great Mr. Bruff,1,FALSE,,,1,Proper,Partial,Yes,,Yes,Mr. Bruff
5,her lawyer,1,FALSE,,,1,Role,Job,,,,
6,Julia Verinder,1,TRUE,,,1,Proper,Full,,,,
6,my lady,1,FALSE,,,1,UGA,,,,,
6,Miss Julia,1,FALSE,,,1,Proper,Partial,Yes,,,
6,bride,1,FALSE,,,1,Role,Social,,,,
6,my mistress,1,FALSE,,,1,Role,Social,,,,
6,Lady Verinder,1,FALSE,,,1,Proper,Partial,Yes,,,
6,the lady of the house,1,FALSE,,,1,UGA,,,,,
6,my sister,1,FALSE,,,1,Role,Kin,,,,
6,my said sister,1,FALSE,,,1,Role,Kin,,,Yes,my sister
6,his aunt,1,FALSE,,,1,Role,Kin,,,,
6,their mistress,1,FALSE,,,1,Role,Social,,,,
6,my good mistress,1,FALSE,,,1,Role,Social,,,Yes,my mistress
6,our mistress,1,FALSE,,,1,Role,Social,,,,
6,your ladyship,1,FALSE,,,1,UGA,,,,,
6,her ladyship,1,FALSE,,,1,UGA,,,,,
6,your lady,1,FALSE,,,1,UGA,,,,,
6,your mistress,1,FALSE,,,1,Role,Social,,,,
6,the mistress of the house,1,FALSE,,,1,Role,Social,,,,
6,the merciful and Christian mistress,1,FALSE,,,1,Role,Social,,,,
6,mamma,1,FALSE,,,1,Role,Kin,,,,
6,Aunt,1,FALSE,,,1,Role,Kin,,,,
6,Aunt Verinder,1,FALSE,,,1,Proper,Partial,Yes,,,
6,dear Aunt Verinder,1,FALSE,,,1,Proper,Partial,Yes,,Yes,Aunt Verinder
6,her poor mother,1,FALSE,,,1,Role,Kin,,,,
6,my poor aunt,1,FALSE,,,1,Role,Kin,,,,
6,dear aunt,1,FALSE,,,1,Role,Kin,,,,
6,my poor misguided relative,1,FALSE,,,1,Role,Kin,,,,
6,my misguided aunt,1,FALSE,,,1,Role,Kin,,,,
6,your dear mother,1,FALSE,,,1,Role,Kin,,,,
6,my poor mother,1,FALSE,,,1,Role,Kin,,,,
6,your poor mother,1,FALSE,,,1,Role,Kin,,,,
6,her poor mother,1,FALSE,,,1,Role,Kin,,,,
6,my late lady,1,FALSE,,,1,UGA,,,,,
6,my poor mistress,1,FALSE,,,1,Role,Social,,,Yes,my mistress
6,his mistress,1,FALSE,,,1,Role,Social,,,,
7,Rachel Verinder,1,TRUE,,,1,Proper,Full,,,,
7,my lady's daughter,1,FALSE,,,1,Role,Kin,,,,
7,Miss Rachel,1,FALSE,,,1,Proper,Partial,Yes,,,
7,Rachel,1,FALSE,,,1,Proper,Partial,,,,
7,niece,1,FALSE,,,1,Role,Kin,,,,
7,Miss Verinder,1,FALSE,,,1,Proper,Partial,Yes,,,
7,his sister's child,1,FALSE,,,1,Role,Kin,,,,
7,her child,1,FALSE,,,1,Role,Kin,,,,
7,my young lady,1,FALSE,,,1,UGA,,,,,
7,soul,1,FALSE,,,1,UGA,,,,,
7,her young mistress,1,FALSE,,,1,Role,Social,,,Yes,her mistress
7,her daughter,1,FALSE,,,1,Role,Kin,,,,
7,her young lady,1,FALSE,,,1,UGA,,,,,
7,our young lady,1,FALSE,,,1,UGA,,,,,
7,your young lady,1,FALSE,,,1,UGA,,,,,
7,the young lady,1,FALSE,,,1,UGA,,,,,
7,that young lady,1,FALSE,,,1,UGA,,,,,
7,a young lady,1,FALSE,,,1,UGA,,,,,
7,your daughter,1,FALSE,,,1,Role,Kin,,,,
7,your ladyship's daughter,1,FALSE,,,1,Role,Kin,,,Yes,your daughter
7,her own daughter,1,FALSE,,,1,Role,Kin,,,Yes,her daughter
7,dearest,1,FALSE,,,1,UGA,,,,,
7,the wealthy young lady,1,FALSE,,,1,UGA,,,,,
7,the motherless girl,1,FALSE,,,1,UGA,,,,,
7,her mistress,1,FALSE,,,1,Role,Social,,,,
7,his charming cousin,1,FALSE,,,1,Role,Kin,,,,
7,his daughter,1,FALSE,,,1,Role,Kin,,,,
7,his young mistress,1,FALSE,,,1,Role,Social,,,,
7,my lively cousin,1,FALSE,,,1,Role,Kin,,,,
7,R.V.,1,FALSE,,,1,Proper,Full,,Yes,,
8,Penelope Betteredge,1,TRUE,,,1,Proper,Full,,,,
8,Penelope,1,FALSE,,,1,Proper,Partial,,,,
8,my own child,1,FALSE,,,1,UGA,,,,,
8,the person with the cap-ribbons,1,FALSE,,,1,UGA,,,,,
9,"Mr. Blake, senior",1,TRUE,,,1,Proper,Full,Yes,,,
9,executor,1,FALSE,,,1,Role,Job,,,,
9,"Mr. Blake, the elder",1,FALSE,,,1,Proper,Full,Yes,,,
10,Indians,1,TRUE,,,1,Group,Generic,,,Yes,the Indians
10,fellows,1,FALSE,,,1,Group,Generic,,,,
10,jugglers,1,FALSE,,,1,Group,Generic,,,Yes,the jugglers
10,rogues,1,FALSE,,,1,Group,Generic,,,,
10,trespassers,1,FALSE,,,1,Group,Generic,,,,
10,Brahmins,1,FALSE,,,1,Group,Generic,,,,
10,thieves,1,FALSE,,,1,Group,Generic,,,,
10,wretches,1,FALSE,,,1,Group,Generic,,,,
10,noblemen,1,FALSE,,,1,Group,Generic,,,Yes,Oriental nobleman
10,strangers,1,FALSE,,,1,Group,Generic,,,,
10,certain unknown men,1,FALSE,,,1,Group,Generic,,,,
10,his foreign friends,1,FALSE,,,1,Group,Generic,,,,
10,the three unknown men,1,FALSE,,,1,Group,Generic,,,,
10,These present men of ours,1,FALSE,,,1,Group,Generic,,,,
10,the three Indian men,1,FALSE,,,1,Group,Generic,,,,
10,conspirators,1,FALSE,,,1,Group,Generic,,,,
10,Hindoos,1,FALSE,,,1,Group,Generic,,,,
10,passengers,1,FALSE,,,1,Group,Generic,,,,
10,the three men,1,FALSE,,,1,Group,Generic,,,,
10,the doomed men,1,FALSE,,,1,Group,Generic,,,,
11,light-haired English boy,1,TRUE,,,1,UGA,,,,,
11,the boy with the bag,1,FALSE,,,1,UGA,,,,,
11,their little boy,1,FALSE,,,1,UGA,,,,,
11,their little English boy,1,FALSE,,,1,UGA,,,,,
11,The little chap,1,FALSE,,,1,UGA,,,,,
11,their clairvoyant boy,1,FALSE,,,1,UGA,,,,,
11,the pretty little boy,1,FALSE,,,1,UGA,,,,,
11,the little boy,1,FALSE,,,1,UGA,,,,,
11,their boy,1,FALSE,,,1,UGA,,,,,
12,the Indian,1,TRUE,,,1,UGA,,,,,
12,the chief Indian,1,FALSE,,,1,UGA,,,,Yes,the Indian
12,the chief juggler,1,FALSE,,,1,Role,Job,,,,
12,a certain dark-looking stranger,1,FALSE,,,1,Role,Social,,,,
12,my stranger,1,FALSE,,,1,Role,Social,,,,
12,"shabby, dark-complexioned man",1,FALSE,,,1,UGA,,,,,
12,the shabby man,1,FALSE,,,1,UGA,,,,,
12,an Oriental stranger,1,FALSE,,,1,Role,Social,,,,
12,the chief of the three Indians,1,FALSE,,,1,Role,Social,,,,
12,my mysterious client,1,FALSE,,,1,Role,Social,,,,
12,this Oriental gentleman,1,FALSE,,,1,UGA,,,,,
12,this admirable assassin,1,FALSE,,,1,Role,Job,,,,
12,that accomplished gentleman,1,FALSE,,,1,UGA,,,,,
12,the man looking like an Indian,1,FALSE,,,1,UGA,,,,,
12,one of the three Hindoo conspirators,1,FALSE,,,1,Role,Social,,,,
12,the spokesman of the party,1,FALSE,,,1,Role,Social,,,,
12,the man to whom I had spoken in England,1,FALSE,,,1,UGA,,,,,
13,the lodge-keeper's daughter,1,TRUE,,,1,Role,Kin,,,,
14,Nancy,1,TRUE,,,1,Proper,Full,,,,
14,"Nancy, the kitchen-maid",1,FALSE,,,1,Proper,Full,,,Yes,Nancy
15,Rosanna Spearman,1,TRUE,,,1,Proper,Full,,,,
15,Rosanna,1,FALSE,,,1,Proper,Partial,,,,
15,our second housemaid,1,FALSE,,,1,Role,Job,,,,
15,her fellow-servant,1,FALSE,,,1,Role,Job,,,,
15,this poor girl of ours,1,FALSE,,,1,UGA,,,,,
15,this strange girl,1,FALSE,,,1,UGA,,,,,
15,the poor thing,1,FALSE,,,1,UGA,,,,,
15,the poor girl,1,FALSE,,,1,UGA,,,,,
15,"our second housemaid, Rosanna Spearman",1,FALSE,,,1,Proper,Full,,,Yes,Rosanna Spearman
15,This poor girl,1,FALSE,,,1,UGA,,,,,
15,the young woman,1,FALSE,,,1,UGA,,,,,
15,"that young person, Rosanna Spearman",1,FALSE,,,1,Proper,Full,,,Yes,Rosanna Spearman
15,an unfortunate creature,1,FALSE,,,1,UGA,,,,,
15,the unfortunate girl,1,FALSE,,,1,UGA,,,,,
15,their unfortunate fellow-servant,1,FALSE,,,1,Role,Job,,,,
15,the poor creature,1,FALSE,,,1,UGA,,,,,
15,A strange girl,1,FALSE,,,1,UGA,,,,,
15,a poor girl,1,FALSE,,,1,UGA,,,,,
15,One of the female servants,1,FALSE,,,1,Role,Job,,,,
15,"Your young friend, Rosanna",1,FALSE,,,1,Proper,Partial,,,Yes,Rosanna
15,Miss Verinder's accomplice,1,FALSE,,,1,Role,Social,,,,
15,the missing girl,1,FALSE,,,1,UGA,,,,,
15,the poor lost creature,1,FALSE,,,1,UGA,,,,,
15,the poor dead girl,1,FALSE,,,1,UGA,,,,,
15,the deceased Rosanna Spearman,1,FALSE,,,1,Proper,Full,,,Yes,Rosanna Spearman
15,the deceased woman,1,FALSE,,,1,UGA,,,,,
15,Your ladyship's deceased housemaid,1,FALSE,,,1,Role,Job,,,,
15,the dead woman,1,FALSE,,,1,UGA,,,,,
15,the miserable woman,1,FALSE,,,1,UGA,,,,,
15,the unhappy woman,1,FALSE,,,1,UGA,,,,,
15,that poor creature,1,FALSE,,,1,UGA,,,,,
15,this reclaimed thief,1,FALSE,,,1,Role,Job,,,,
16,the Yollands,1,TRUE,,references to them as a family,1,Group,Organization,,,,
16,the only friend she had in our neighbourhood,1,FALSE,,,1,UGA,,,,,
16,"a fisherman named Yolland, with his wife and two grown-up children, a son and a daughter",1,FALSE,,,1,Group,Generic,,,,
16,some friends of hers,1,FALSE,,,1,Group,Generic,,,,
16,the fisherman and his family,1,FALSE,,,1,Group,Generic,,,,
17,Samuel,1,TRUE,,,1,Proper,Full,,,,
17,the footman,1,FALSE,,,1,Role,Job,,,,
17,"my second in command (Samuel, the footman)",1,FALSE,,,1,Role,Job,,,,
17,my deputy,1,FALSE,,,1,Role,Job,,,,
17,"Samuel, the footman",1,FALSE,,,1,Proper,Full,,,Yes,Samuel
17,Lady Verinder's servant,1,FALSE,,,1,Role,Job,,,,
17,"the young footman, Samuel",1,FALSE,,,1,Proper,Full,,,Yes,Samuel
17,the fresh-coloured young footman,1,FALSE,,,1,Role,Job,,,Yes,the footman
17,the youthful Samuel,1,FALSE,,,1,Proper,Full,,,Yes,Samuel
17,the active young footman,1,FALSE,,,1,Role,Job,,,Yes,the footman
18,Mr. Godfrey Ablewhite,1,TRUE,the discovered thief,,1,Proper,Full,Yes,,,
18,a gentleman in London,1,FALSE,,,1,UGA,,,,,
18,Mr. Godfrey,1,FALSE,,,1,Proper,Partial,Yes,,,
18,Mr. Ablewhite's second son,1,FALSE,,,1,Role,Kin,,,,
18,the most accomplished philanthropist,1,FALSE,,,1,Role,Social,,,,
18,the sweetest tempered person,1,FALSE,,,1,UGA,,,,,
18,Mr. Ablewhite,1,FALSE,,,1,Proper,Partial,Yes,,,
18,the poet,1,FALSE,,,1,Role,Job,,,,
18,the man whom the women couldn't do without,1,FALSE,,,1,UGA,,,,,
18,her cousin,1,FALSE,,,1,Role,Kin,,,,
18,their brother,1,FALSE,,,1,Role,Kin,,,,
18,his cousin Godfrey,1,FALSE,,,1,Proper,Partial,,,Yes,Godfrey
18,cousin Godfrey,1,FALSE,,,1,Proper,Partial,,,,
18,The ladies' committee-man,1,FALSE,,,1,UGA,,,,,
18,Godfrey,1,FALSE,,,1,Proper,Partial,,,,
18,"my precious and admirable friend, Mr. Godfrey Ablewhite",1,FALSE,,,1,Proper,Full,Yes,,Yes,Mr. Godfrey Ablewhite
18,our gifted Mr. Godfrey,1,FALSE,,,1,Proper,Full,Yes,,Yes,Mr. Godfrey
18,the eminent philanthropist,1,FALSE,,,1,Role,Social,,,,
18,my admirable friend,1,FALSE,,,1,Role,Social,,,,
18,Dear Mr. Godfrey,1,FALSE,,,1,Proper,Full,Yes,,Yes,Mr. Godfrey
18,my nephew Ablewhite,1,FALSE,,,1,Proper,Partial,,,,
18,This dear man,1,FALSE,,,1,UGA,,,,,
18,My dear Godfrey,1,FALSE,,,1,Proper,Partial,,,Yes,Godfrey
18,my gifted friend,1,FALSE,,,1,UGA,,,,,
18,Godfrey Ablewhite,1,FALSE,,,1,Proper,Full,,,,
18,our Christian Hero,1,FALSE,,,1,Role,Social,,,,
18,that charitable gentleman,1,FALSE,,,1,UGA,,,,,
18,his son Godfrey,1,FALSE,,,1,Proper,Partial,,,,
18,our expected visitor,1,FALSE,,,1,Role,Social,,,,
18,my foolish son,1,FALSE,,,1,Role,Kin,,,,
18,your son,1,FALSE,,,1,Role,Kin,,,,
18,poor Godfrey,1,FALSE,,,1,Proper,Partial,,,Yes,Godfrey
18,the dark sailor,1,FALSE,,,2,Role,Job,,,Yes,the sailor
18,a tall man,1,FALSE,,,2,UGA,,,,,
18,the sailor,1,FALSE,,,2,Role,Job,,,,
18,the sailor with the black beard,1,FALSE,,,2,Role,Job,,,Yes,the sailor
18,"a dark man, dressed like a sailor",1,FALSE,,,2,UGA,,,,,
18,the blackguard,1,FALSE,,,2,Role,Job,,,,
18,the late Mr. Godfrey Ablewhite,1,FALSE,,,1,Proper,Full,Yes,,Yes,Mr. Godfrey Ablewhite
18,your cousin,1,FALSE,,,1,Role,Kin,,,,
18,the deceased gentleman,1,FALSE,,,1,UGA,,,,,
18,this fascinating man,1,FALSE,,,1,UGA,,,,,
18,the thief,1,FALSE,,,1,Role,Job,,,,
19,Aunt Ablewhite,1,TRUE,,,1,Proper,Partial,Yes,,,
19,Miss Caroline,1,FALSE,,,1,Proper,Partial,Yes,,,
19,My lady's second sister,1,FALSE,,,1,Role,Kin,,,,
19,the Honourable Caroline,1,FALSE,,,1,Proper,Partial,Yes,,,
19,"her aunt, Mrs. Ablewhite",1,FALSE,,,1,Proper,Partial,Yes,,,
19,her aunt,1,FALSE,,,1,Role,Kin,,,,
19,her aunt at Frizinghall,1,FALSE,,,1,Role,Kin,,,Yes,her aunt
19,your aunt,1,FALSE,,,1,Role,Kin,,,,
19,her sister,1,FALSE,,,1,Role,Kin,,,,
19,my sister Mrs. Ablewhite,1,FALSE,,,1,Proper,Partial,Yes,,,
19,my Aunt Ablewhite,1,FALSE,,,1,Proper,Partial,Yes,,Yes,Aunt Ablewhite
19,"my aunt, Mrs. Ablewhite",1,FALSE,,,1,Proper,Partial,Yes,,,
20,"Mr. Ablewhite, the banker at Frizinghall",1,FALSE,,,1,Proper,Full,Yes,,,
20,old Mr. Ablewhite,1,FALSE,,,1,Proper,Full,Yes,,,
20,Mr. Ablewhite the elder,1,FALSE,,,1,Proper,Full,Yes,,,
20,Mr. Ablewhite senior,1,FALSE,,,1,Proper,Full,Yes,,,
20,her guardian,1,FALSE,,,1,Role,Social,,,,
20,your guardian,1,FALSE,,,1,Role,Social,,,,
20,Dear Mr. Ablewhite,1,FALSE,,,1,Proper,Full,Yes,,,
20,"Mr. Ablewhite, senior",1,FALSE,,,1,Proper,Full,Yes,,,
21,The Ablewhites,1,TRUE,,reference to them as a family,1,Group,Organization,,,,
21,"the philanthropist's father and mother--Mr. and Mrs. Ablewhite",1,FALSE,,,1,Group,Generic,,,,
22,the French lawyer,1,TRUE,,,1,Role,Job,,,,
22,"A strange gentleman, speaking English with a foreign accent",1,FALSE,,,1,UGA,,,,,
22,the gentleman,1,FALSE,,,1,UGA,,,,,
22,a French lawyer,1,FALSE,,,1,Role,Job,,,,
22,The Frenchman,1,FALSE,,,1,UGA,,,,,
23,Mr. Candy,1,TRUE,narrator 9,,1,Proper,Partial,Yes,,,
23,the doctor,1,FALSE,,,1,Role,Job,,,,
23,"Mr. Candy, our doctor at Frizinghall",1,FALSE,,,1,Proper,Partial,Yes,,Yes,Mr. Candy
23,"Mr. Candy, the doctor",1,FALSE,,,1,Proper,Partial,Yes,,Yes,Mr. Candy
23,good-humoured little Mr. Candy,1,FALSE,,,1,Proper,Partial,Yes,,Yes,Mr. Candy
23,Worthy Mr. Candy,1,FALSE,,,1,Proper,Partial,Yes,,Yes,Mr. Candy
23,the little doctor,1,FALSE,,,1,Role,Job,,,Yes,the doctor
23,humorous little doctor,1,FALSE,,,1,Role,Job,,,,
23,My employer,1,FALSE,,,1,Role,Job,,,,
23,the poor fellow,1,FALSE,,,1,UGA,,,,,
23,poor fellow,1,FALSE,,,1,UGA,,,,,
23,THOMAS CANDY,1,FALSE,,,1,Proper,Full,,,,
24,the Miss Ablewhites,1,TRUE,,,1,Group,Organization,,,,
24,his two eldest sisters,1,FALSE,,,1,Group,Generic,,,,
24,the two young ladies,1,FALSE,,,1,Group,Generic,,,,
24,the two Miss Ablewhites,1,FALSE,,,1,Group,Generic,,,Yes,the Miss Ablewhites
24,Bouncers,1,FALSE,,,1,Group,Generic,,,,
24,the young ladies,1,FALSE,,,1,Group,Generic,,,,
24,the two Bouncers,1,FALSE,,,1,Group,Generic,,,Yes,Bouncers
24,her cousins,1,FALSE,,,1,Group,Generic,,,,
24,"her cousins, the Miss Ablewhites",1,FALSE,,,1,Group,Generic,,,Yes,the Miss Ablewhites
24,his sisters,1,FALSE,,,1,Group,Generic,,,,
25,his three cousins,1,TRUE,,reference to Godfrey + his 2 sisters,1,Group,Generic,,,Yes,his cousins
25,his cousins,1,FALSE,,,1,Group,Generic,,,,
25,my cousins,1,FALSE,,,1,Group,Generic,,,,
26,one of old Mr. Ablewhite's grooms,1,TRUE,,,1,Role,Social,,,,
27,Mr. Murthwaite,1,TRUE,narrator 13,,1,Proper,Full,Yes,,,
27,"the celebrated Indian traveller, Mr. Murthwaite",1,FALSE,,,1,Proper,Full,Yes,,Yes,Mr. Murthwaite
27,"the Indian traveller, Mr. Murthwaite",1,FALSE,,,1,Proper,Full,Yes,,Yes,Mr. Murthwaite
27,the great traveller,1,FALSE,,,1,UGA,,,,Yes,the traveller
27,the traveller,1,FALSE,,,1,UGA,,,,,
27,the Indian traveller,1,FALSE,,,1,UGA,,,,Yes,the traveller
27,the eminent traveller,1,FALSE,,,1,UGA,,,,Yes,the traveller
27,"Mr. Murthwaite, the Indian traveller",1,FALSE,,,1,Proper,Full,Yes,,Yes,Mr. Murthwaite
27,A certain great traveller,1,FALSE,,,1,UGA,,,,Yes,the traveller
27,"the celebrated traveller, Mr. Murthwaite",1,FALSE,,,1,Proper,Full,Yes,,Yes,Mr. Murthwaite
27,"His eminent absent friend, Mr. Murthwaite",1,FALSE,,,1,Proper,Full,Yes,,Yes,Mr. Murthwaite
27,Murthwaite,1,FALSE,,,1,Proper,Full,,,,
28,Mrs. Threadgall,1,TRUE,,,1,Proper,Full,Yes,,,
28,this good lady,1,FALSE,,,1,UGA,,,,,
29,the cook,1,TRUE,,,1,Role,Job,,,,
29,the messenger,1,FALSE,,,1,Role,Job,,,,
30,Superintendent Seegrave,1,TRUE,investigator,,1,Proper,Full,Yes,,,
30,"Superintendent Seegrave, of your local police force",1,FALSE,,,1,Proper,Full,Yes,,Yes,Superintendent Seegrave
30,the Superintendent of the Frizinghall police,1,FALSE,,,1,Role,Job,,,,
30,Mr. Seegrave,1,FALSE,,,1,Role,Job,,,Yes,the Superintendent
30,the Superintendent,1,FALSE,,,1,Role,Job,,,,
30,Mr. Superintendent,1,FALSE,,,1,Role,Job,Yes,,,
30,Mr. Policeman,1,FALSE,,,1,Role,Job,Yes,,,
30,our experienced officer,1,FALSE,,,1,Role,Job,,,,
30,this muddle-headed local police-officer,1,FALSE,,,1,Role,Job,,,,
30,his brother officer,1,FALSE,,,1,Role,Kin,,,,
30,his brother-officer,1,FALSE,,,1,Role,Kin,,,,
30,Your Superintendent,1,FALSE,,,1,Role,Job,,,,
30,the other officer,1,FALSE,,,1,Role,Job,,,,
30,the officer from Frizinghall,1,FALSE,,,1,Role,Job,,,,
31,the two inferior policemen,1,TRUE,,,1,Group,Generic,,,,
31,two of his men,1,FALSE,,,1,Group,Generic,,,,
31,the police,1,FALSE,,,1,Group,Generic,,,,
31,his two inferior police men,1,FALSE,,,1,Group,Generic,,,,
31,the police-officers,1,FALSE,,,1,Group,Generic,,,,
32,Mr. Joyce,1,TRUE,,,1,Proper,Full,Yes,,,
32,one of his men,1,FALSE,,,1,UGA,,,,,
32,one of your men,1,FALSE,,,1,UGA,,,,,
32,the policeman whom Superintendent Seegrave had left,1,FALSE,,,1,Role,Job,,,,
32,Joyce,1,FALSE,,,1,Proper,Full,,,,
33,the baker's man,1,TRUE,,,1,UGA,,,,,
34,the postman,1,TRUE,,,1,Role,Job,,,,
35,Sergeant Cuff,1,TRUE,"narrator 8, investigator",,1,Proper,Partial,Yes,,,
35,the new police-officer,1,FALSE,,,1,Role,Job,,,,
35,the Sergeant,1,FALSE,,,1,Role,Job,,,,
35,Cuff,1,FALSE,,,1,Proper,Partial,,,,
35,the clever London police-officer,1,FALSE,,,1,Role,Job,,,,
35,"a grizzled, elderly man",1,FALSE,,,1,UGA,,,,,
35,the celebrated Cuff,1,FALSE,,,1,Proper,Partial,,,Yes,Cuff
35,Sergeant,1,FALSE,,,1,Role,Job,,,,
35,Mr. Sergeant,1,FALSE,,,1,Role,Job,Yes,,,
35,the great Cuff,1,FALSE,,,1,Proper,Partial,,,Yes,Cuff
35,that police-officer from London,1,FALSE,,,1,Role,Job,,,,
35,a low police-officer,1,FALSE,,,1,Role,Job,,,,
35,Mr. Cuff,1,FALSE,,,1,Proper,Partial,Yes,,,
35,the all-accomplished Cuff,1,FALSE,,,1,Proper,Partial,,,Yes,Cuff
35,Officer,1,FALSE,,,1,Role,Job,,,,
35,a policeman,1,FALSE,,,1,Role,Job,,,,
35,this strange officer,1,FALSE,,,1,Role,Job,,,,
35,The best detective officer in England,1,FALSE,,,1,Role,Job,,,,
35,the famous London police officer,1,FALSE,,,1,Role,Job,,,,
35,the illustrious thief-taker,1,FALSE,,,1,Role,Job,,,,
35,The innocent countryman,1,FALSE,,,1,UGA,,,,,
35,the great man,1,FALSE,,,1,UGA,,,,,
35,RICHARD CUFF,1,FALSE,,,1,Proper,Full,,,,
36,Mr. Begbie,1,TRUE,,,1,Proper,Full,Yes,,,
36,the gardener,1,FALSE,,,1,Role,Job,,,,
36,Mr. Gardener,1,FALSE,,,1,Role,Job,Yes,,,
36,The head gardener (Mr. Begbie),1,FALSE,,,1,Role,Job,,,Yes,the gardener
36,our gardener,1,FALSE,,,1,Role,Job,,,,
36,"Mr. Begbie, the gardener",1,FALSE,,,1,Proper,Full,Yes,,Yes,Mr. Begbie
36,Mr. Begbie the gardener,1,FALSE,,,1,Proper,Full,Yes,,Yes,Mr. Begbie
36,his old enemy the gardener,1,FALSE,,,1,Role,Job,,,Yes,the gardener
37,my lady's own maid,1,TRUE,,,1,Role,Job,,,,
37,my aunt's maid,1,FALSE,,,1,Role,Job,,,,
37,my lady's maid,1,FALSE,,,1,Role,Job,,,,
37,her ladyship's maid,1,FALSE,,,1,Role,Job,,,,
38,the first housemaid,1,TRUE,,,1,Role,Job,,,Yes,the housemaid
38,the housemaid,1,FALSE,,,1,Role,Job,,,,
38,the other woman,1,FALSE,,,1,UGA,,,,,
38,our first house-maid,1,FALSE,,,1,Role,Job,,,,
38,the upper housemaid,1,FALSE,,,1,Role,Job,,,Yes,the housemaid
39,the tradesman,1,TRUE,,,1,Role,Job,,,,
39,one of the tradespeople,1,FALSE,,,1,Role,Job,,,,
40,Lucy Yolland,1,TRUE,,,1,Proper,Full,,,,
40,Limping Lucy,1,FALSE,,,1,Pseudonym,Nickname,,,,
40,my girl Lucy,1,FALSE,,,1,Proper,Partial,,,Yes,Lucy
40,Lucy,1,FALSE,,,1,Proper,Partial,,,,
40,my Lucy,1,FALSE,,,1,Proper,Partial,,,Yes,Lucy
40,"the fisherman's daughter, Limping Lucy",1,FALSE,,,1,Pseudonym,Nickname,,,Yes,Limping Lucy
40,The fisherman's daughter,1,FALSE,,,1,Role,Kin,,,,
40,this strange creature,1,FALSE,,,1,UGA,,,,,
41,Mr. Yolland,1,TRUE,,,1,Proper,Partial,Yes,,,
41,the fisherman,1,FALSE,,,1,Role,Job,,,,
41,my man,1,FALSE,,,1,UGA,,,,,
41,"the fisherman, named Yolland",1,FALSE,,,1,Proper,Partial,,,Yes,Yolland
41,Yolland,1,FALSE,,,1,Proper,Partial,,,,
42,Mrs. Yolland,1,TRUE,,,1,Proper,Partial,Yes,,,
42,Good Mrs. Yolland,1,FALSE,,,1,Proper,Partial,Yes,,Yes,Mrs. Yolland
42,an honest woman,1,FALSE,,,1,UGA,,,,,
42,the wearisome woman,1,FALSE,,,1,UGA,,,,,
42,this unreasonable woman,1,FALSE,,,1,UGA,,,,,
42,the fisherman's wife,1,FALSE,,,1,Role,Social,,,,
43,James,1,TRUE,,,1,Proper,Full,,,,
43,the coachman,1,FALSE,,,1,Role,Job,,,,
44,Ezra Jennings,1,TRUE,narrator 6,,1,Proper,Full,,,,
44,a certain Mr. Ezra Jennings,1,FALSE,,,1,Proper,Full,Yes,,Yes,Mr. Erza Jennings
44,Mr. Candy's assistant,1,FALSE,,,1,Role,Job,,,,
44,his assistant,1,FALSE,,,1,Role,Job,,,,
44,"the man with the piebald hair, and the gipsy complexion",1,FALSE,,,1,UGA,,,,,
44,the man with the piebald hair,1,FALSE,,,1,UGA,,,,,
44,Mr. Candy's remarkable-looking assistant,1,FALSE,,,1,Role,Job,,,Yes,Mr. Candy's assistant
44,Mr. Jennings,1,FALSE,,,1,Proper,Partial,Yes,,,
44,the assistant,1,FALSE,,,1,Role,Job,,,,
44,this strange man,1,FALSE,,,1,UGA,,,,,
44,a doctor's assistant,1,FALSE,,,1,Role,Job,,,,
44,your medical friend,1,FALSE,,,1,Role,Social,,,,
44,our best and dearest friend,1,FALSE,,,1,Role,Social,,,,
45,The stable-boy,1,TRUE,,,1,Role,Job,,,,
45,one of the stable-boys,1,FALSE,,,1,Role,Job,,,,
46,the butcher's man,1,TRUE,,,1,UGA,,,,,
47,Duffy,1,TRUE,,,1,Pseudonym,Nickname,,,,
47,"a quick little imp, nicknamed ""Duffy""",1,FALSE,,,1,Pseudonym,Nickname,,,Yes,Duffy
47,Little Duffy,1,FALSE,,,1,Pseudonym,Nickname,,,Yes,Duffy
48,the under-groom,1,TRUE,,,1,Role,Job,,,,
48,the lad,1,FALSE,,,1,UGA,,,,,
49,Mr. Septimus Luker,1,TRUE,,,1,Proper,Full,Yes,,,
49,that money-lender in London,1,FALSE,,,1,Role,Social,,,,
49,the money-lender,1,FALSE,,,1,Role,Social,,,,
49,the applicant,1,FALSE,,,1,Role,Social,,,,
49,Mr. Luker,1,FALSE,,,1,Proper,Partial,Yes,,,
49,the wretched creature,1,FALSE,,,1,UGA,,,,,
49,a man in London,1,FALSE,,,1,UGA,,,,,
49,the money-lender in London,1,FALSE,,,1,Role,Social,,,Yes,the money-lender
50,Mr. Jeffco,1,TRUE,,,1,Proper,Full,Yes,,,
50,"his father's valet, Mr. Jeffco",1,FALSE,,,1,Proper,Full,Yes,,Yes,Mr. Jeffco
50,Jeffco,1,FALSE,,,1,Proper,Full,,,,
51,Miss Clack,1,TRUE,narrator 3,,1,Proper,Partial,Yes,,,
51,Clack,1,FALSE,,,1,Proper,Partial,,,,
51,my dear Miss Clack,1,FALSE,,,1,Proper,Partial,Yes,,Yes,Miss Clack
51,Drusilla,1,FALSE,,,1,Proper,Partial,,,,
51,Dear Miss Clack,1,FALSE,,,1,Proper,Partial,Yes,,Yes,Miss Clack
51,Best and dearest of friends,1,FALSE,,,1,Role,Social,,,,
51,this impudent fanatic,1,FALSE,,,1,UGA,,,,,
51,this Rampant Spinster,1,FALSE,,,1,UGA,,,,,
52,Mrs. Bruff,1,TRUE,,,1,Proper,Full,Yes,,,
53,Mr. Smalley,1,TRUE,,,1,Proper,Full,Yes,,,
53,his lawyer,1,FALSE,,,1,Role,Job,,,,
54,My common-law clerk,1,TRUE,,,1,Role,Job,,,Yes,my clerk
54,my clerk,1,FALSE,,,1,Role,Job,,,,
54,the clerk,1,FALSE,,,1,Role,Job,,,,
54,one of my clerks,1,FALSE,,,1,Role,Job,,,Yes,my clerk
55,Mrs. Macann,1,TRUE,,,1,Proper,Full,Yes,,,
55,the lady called Macann,1,FALSE,,,1,Proper,Full,,,Yes,Macann
56,Mrs. Merridew,1,TRUE,,,1,Proper,Full,Yes,,,
56,a widowed sister of the late Sir John Verinder,1,FALSE,,,1,Role,Kin,,,,
56,a comfortable little elderly lady,1,FALSE,,,1,UGA,,,,,
56,the old lady,1,FALSE,,,1,UGA,,,,,
56,A little old lady,1,FALSE,,,1,UGA,,,,,
57,Mrs. Hotherstone,1,TRUE,,,1,Proper,Full,Yes,,,
58,Tammie Bright,1,TRUE,,,1,Proper,Full,,,,
58,Tammie,1,FALSE,,,1,Proper,Partial,,,,
59,the gardener's wife,1,TRUE,,,1,Role,Social,,,,
59,This excellent woman,1,FALSE,,,1,UGA,,,,,
60,Octavius Guy,1,TRUE,,,1,Proper,Full,,,,
60,a small boy,1,FALSE,,,1,UGA,,,,,
60,The boy with the ill-secured eyes,1,FALSE,,,1,UGA,,,,,
60,my boy,1,FALSE,,,1,UGA,,,,,
60,Gooseberry,1,FALSE,,,1,Pseudonym,Nickname,,,,
60,his attendant sprite with the gooseberry eyes,1,FALSE,,,1,Role,Job,,,Yes,his attendant sprite
60,his attendant sprite,1,FALSE,,,1,Role,Job,,,,
60,"a boy, with very extraordinary-looking eyes",1,FALSE,,,1,UGA,,,,,
60,the boy from Mr. Bruff's office,1,FALSE,,,1,UGA,,,,,
60,the small Gooseberry,1,FALSE,,,1,Pseudonym,Nickname,,,Yes,Gooseberry
60,my lad,1,FALSE,,,1,UGA,,,,,
60,that boy,1,FALSE,,,1,UGA,,,,,
61,the man in the grey suit,1,TRUE,,,1,UGA,,,,,
61,"a short, stout man",1,FALSE,,,1,UGA,,,,,
61,the man in the suit of sober grey,1,FALSE,,,1,UGA,,,,,
62,the second man,1,TRUE,,,1,UGA,,,,,
62,my second man,1,FALSE,,,1,UGA,,,,,
63,the head clerk from Mr. Bruff's office,1,TRUE,,,1,Role,Job,,,,
63,The chief clerk,1,FALSE,,,1,Role,Job,,,,
64,mechanic,1,TRUE,,,1,Role,Job,,,,
64,a man dressed like a respectable mechanic,1,FALSE,,,1,UGA,,,,,
64,The man dressed like a mechanic,1,FALSE,,,1,UGA,,,,,
64,this same man dressed like a mechanic,1,FALSE,,,1,UGA,,,,,
64,the man personating a mechanic,1,FALSE,,,1,UGA,,,,,
64,the man dressed like a mechanic,1,FALSE,,,1,UGA,,,,,
65,landlord,1,TRUE,,,1,Role,Job,,,,
66,SERGEANT CUFF'S MAN,1,TRUE,narrator 11,,1,UGA,,,,,
67,THE CAPTAIN,1,TRUE,narrator 12,,1,Role,Job,,,,
68,my Hindoo friends,1,TRUE,,,1,Group,Generic,,,,
68,certain Hindoos of the higher caste,1,FALSE,,,1,Group,Generic,,,,
